:020000040800F2
:10000000F8190020495A000851120008531200083C
:10001000551200085712000859120008000000008D
:100020000000000000000000000000005B1200085B
:100030005D120008000000005F1200086112000855
:10004000635A0008635A0008635A0008635A00089C
:10005000635A0008635A0008635A0008635A00088C
:10006000635A0008635A0008635A0008635A00087C
:10007000635A0008635A000861390008CB3C000845
:10008000635A000891360008635A0008635A000852
:10009000635A0008635A0008635A0008635A00084C
:1000A0006B4A0008635A0008635A0008635A000844
:1000B00065460008635A0008635A0008635A00083E
:1000C000635A0008635A0008635A0008635A00081C
:1000D000635A00084D320008BF3500081D3900087A
:1000E000635A0008635A0008635A0008635A0008FC
:1000F000635A0008635A0008635A0008635A0008EC
:10010000635A0008635A0008635A0008635A0008DB
:10011000873C0008635A0008635A0008F50A000883
:10012000635A0008635A0008635A0008635A0008BB
:10013000635A0008635A0008635A0008635A0008AB
:10014000635A0008635A0008635A0008635A00089B
:10015000635A0008635A00088F320008635A000887
:10016000635A0008635A0008635A0008635A00087B
:10017000635A0008635A0008635A0008635A00086B
:10018000635A0008635A0008DFF80CD007F04EFBF2
:1001900000480047010E0008F81900209FEDF90AF9
:1001A000F94880ED130A80ED140A80ED150A80ED00
:1001B000160A7047DFEDF50AF348C0ED130A9FED0C
:1001C000F40A80ED140A80ED150AC0ED160A704796
:1001D0009FEDF00AEC4880ED0F0A9FEDEF0A80EDED
:1001E000100A9FEDEE0A80ED110A9FEDED0A80EDF9
:1001F000120A704770B5FFF7EBFFFFF7DBFFE24C29
:10020000E84DBAEE0E1AD4ED0E0A95ED040A71EE21
:10021000600AB4EEE00AF1EE10FA12D2FFF7BEFF68
:1002200004F070FE012060722078401C20700020D5
:10023000A070E0709FEDD30A85ED040A85ED050AF4
:10024000607070BD9FEDD80ACF4880ED0F0A9FED1A
:10025000D70A80ED100A9FEDD60A80ED110A9FEDB6
:10026000D50A80ED120A7047DFEDD30AC648C0ED0B
:10027000130A9FEDD20A80ED140A80ED150AC0ED35
:10028000160A704770B54FF480412DED028BCC48B3
:1002900005F0A5FEFFF79CFFFFF7E6FFBA4C04F15F
:1002A00080052078022808D004280BD0062811D019
:1002B000082818D00A2860D025E094ED090ADFED5F
:1002C000C10A0BE0A06A07F0D6F841EC100B9FEDD5
:1002D000BE1B0FE094ED0B0AFBEE0C0A30EEC00AD9
:1002E00085ED070A0FE0206B07F0C5F841EC100B15
:1002F0009FEDB71B51EC100B53EC112B07F02DF8B1
:1003000007F0CCF8E861A74ED5ED070A96ED040A90
:10031000B4EEE00AF1EE10FA2CD29FED9A8A84ED49
:10032000178A84ED188A84ED198A84ED1A8A84ED7F
:100330001F8A85ED008A85ED018A85ED028A85EDAB
:10034000038A85ED048A85ED058A85ED068AFFF727
:1003500025FF04F0D7FDFFF775FF03F0A1FF012093
:1003600060722078401C20700020A07086ED048A06
:1003700086ED058ABDEC028B70BD606B07F07BF8E3
:1003800041EC100B9FED941BB4E72DE9F0477E4B39
:10039000954D964E1878924C924A95ED032A96ED1B
:1003A000030AA8B1DFED771ADFF84892904F03F106
:1003B0008001D9ED030A012825D09C46B8469CF857
:1003C00002C098ED031A05282CD009282AD02CE069
:1003D00010EE100A90420ADA12EE100A904206DA83
:1003E00001F03CFC95ED030A01F04CFC05E010EE39
:1003F000100A904201DA01F031FC94ED000ABDE8E8
:10040000F04701F0F4BFC3ED1F1AC1ED001AC1EDB2
:10041000011AC1ED021AB0EE600A01F055FD97ED28
:10042000030A31E0BCF1000F06D0032834D00728BE
:1004300032D00B2830D032E010EE900A4D46904278
:1004400014DA11EE100A904210DAC3ED1F1AC1ED52
:10045000001AC1ED011AC1ED021AB0EE410A01F015
:1004600047FD95ED030A01F02FFD0FE011EE100A94
:10047000C3ED1F1AC1ED001AC1ED011A9042C1ED82
:10048000021A03DAB0EE410A01F032FD94ED000ADF
:10049000BDE8F04701F0C8BFBCF1000F09D0504FD4
:1004A0000228D7ED000A33D0062831D00A282FD0F1
:1004B00041E010EE900A904214DA11EE100A9042D8
:1004C00010DAC3ED1F1AC1ED001AC1ED011AC1ED1A
:1004D000021AB0EE600A01F09CFC97ED030A01F0ED
:1004E000AEFC0FE010EE900AC3ED1F1AC1ED001A2A
:1004F000C1ED011A9042C1ED021A03DAB0EE600AB2
:1005000001F087FC94ED000ABDE8F04701F0AFBFB1
:10051000BCF1000F0FD0B0EE600A01F0EDFF3648DD
:1005200090ED030A01F04BFC344890ED030ABDE85E
:10053000F04701F059BC042801D0082810D1BCF1C3
:10054000000F0DD0B0EE600A01F0D6FF95ED030A62
:1005500001F0C4FB96ED030ABDE8F04701F0A7BB2C
:100560000C286CD110EE100A904249DA12EE100AF3
:10057000904245DAB0EE420A01F0F6FB96ED030A2E
:1005800042E00000000000000000002000508EC586
:1005900000A08CC50000EA420000FC4200000943B4
:1005A0000000B6427813002000004D4300000C42CA
:1005B000000044420000364300605DC500C05AC5DB
:1005C000001002400000ECC13333333333B330C08A
:1005D0006666666666662EC03333333333333FC098
:1005E0008801002000001643B4010020940100207F
:1005F0003402002014020020F4010020D401002065
:1006000010EE100A904204DA01F07FFB94ED000A2C
:1006100011E0C3ED171AC3ED181AC3ED191AC3ED93
:100620001A1AC3ED1F1AC1ED001AC1ED011AC1ED6E
:10063000021AB0EE600ABDE8F04702F02CB8BDE83F
:10064000F08710B5FF4C2DED028B6079002829D082
:10065000E06C06F010FF9FEDFC8B53EC182B06F0BE
:100660007FFE06F01BFFE064206D06F004FF53ECF4
:10067000182B06F075FE06F011FF2065606D06F080
:10068000FAFE53EC182B06F06BFE06F007FF6065D0
:10069000A06D06F0F0FE53EC182B06F061FE06F09C
:1006A000FDFEA065BDEC028B10BDDFEDE90AE5485B
:1006B000C0ED130A9FEDE70A80ED140A80ED150ADC
:1006C000C0ED160A7047DFEDE40ADE48C0ED130AFC
:1006D0009FEDE20A80ED140A80ED150AC0ED160ABE
:1006E0007047DFEDDE0AD748C0ED130A9FEDDA0A46
:1006F00080ED140A80ED150AC0ED160A70479FEDD3
:10070000D80AD04880ED130A80ED140A80ED150A4E
:1007100080ED160A704710B5CA4C207820B9A07A2F
:10072000012816D1FFF7EBFF2078012803D0052818
:1007300001D0092801D1FFF7D4FF2078032801D088
:10074000072801D1FFF7BFFF20780B2801D1FFF761
:10075000ACFF207908B1FFF774FF20780D2802D193
:10076000BDE810401AE510BDB64900B5087858B18B
:10077000022809D0042807D0062805D0082803D06D
:100780000A2801D00C2801D1FFF722FD08780128A2
:1007900009D0032807D0052805D0072803D0092849
:1007A00001D00B2802D15DF804EB4BE500BD10B57C
:1007B000A44C00204FF4004120716071A94805F05D
:1007C000FAFB207321780122012903D0052901D0E9
:1007D000092902D1A37803B950B9032903D0072905
:1007E00001D00B2906D1A178002903D1002801D01E
:1007F0002271627110BD70B592489A4C0278A515AD
:10080000052A11D0092A0FD0032A17D0072A15D09C
:100810000B2A13D08021204605F0E3FB2946204611
:10082000BDE8704005F0DDBB8021204605F0D9FB16
:1008300029462046BDE8704005F0D1BB8021204606
:1008400005F0CDFBEAE710B54FF40061864805F0EE
:10085000B2FB04464FF40071844805F0ACFB794AC2
:100860001178012903D0052901D0092905D1012CCE
:1008700003D1D37B0BB9937B23B1032906D007297E
:1008800004D009E09473D07322200CE0012803D136
:10089000917B09B9D17B19B19473D073002010BD3D
:1008A0009473D073232000F0DCFD012010BD70B5DF
:1008B000644C4FF001062DED028B2078A17A0143A4
:1008C0001FEDD08A04F1800533D16949CA686949AE
:1008D0008A422EDA684AD2688A422ADA267084ED81
:1008E000178A84ED188A84ED198A84ED1A8A84EDBA
:1008F0001B8A84ED1C8A84ED1D8A84ED1E8A84ED9A
:100900001F8A85ED008A85ED018A85ED028A85EDD5
:10091000038A85ED048A85ED058A85ED068AFFF751
:100920003DFC04F0EFFAFFF71FFF03F0B9FC66721D
:1009300020E5012804D1FFF786FF08B102201EE060
:100940002078032804D1FFF77EFF08B1042016E0C9
:100950002078052804D1FFF776FF08B106200EE0C5
:100960002078072804D1FFF76EFF08B1082006E0C1
:10097000207809282FD1FFF766FF60B30A20207086
:1009800084ED178A84ED188A84ED198A84ED1A8A19
:1009900084ED1B8A84ED1C8A84ED1D8A84ED1E8AF9
:1009A00084ED1F8A85ED008A85ED018A85ED028A36
:1009B00085ED038A85ED048A85ED058A85ED068A35
:1009C000FFF7ECFB04F09EFAFFF7CEFE03F068FCA5
:1009D0006672A670CEE420780B2829D00D28A7D106
:1009E00084ED178A84ED188A84ED198A84ED1A8AB9
:1009F00084ED1B8A84ED1C8A84ED1D8A84ED1E8A99
:100A000084ED1F8A85ED008A85ED018A85ED028AD5
:100A100085ED038A85ED048A85ED058A85ED068AD4
:100A2000FFF7BCFBBDEC028BBDE8704004F06ABA76
:100A30001248C16812488142CCDA1249C968814221
:100A4000C8DA21E000000020333333333333C33FAF
:100A500000409CC500409C45002099C50020994558
:100A60000080BB450010024000080240000C02401C
:100A70001402002000007043340200209401002082
:100A800000409243B40100200C20207084ED178AAE
:100A900084ED188A84ED198A84ED1A8A84ED1B8A04
:100AA00084ED1C8A84ED1D8A84ED1E8A84ED1F8AE4
:100AB00085ED008A85ED018A85ED028A85ED038A40
:100AC00085ED048A85ED058A85ED068AFFF766FBCC
:100AD00004F018FAFFF748FE03F0E2FB6672A67016
:100AE000E6704FF48041BDEC028B8148BDE8704058
:100AF00005F077BA70B57F4E0121304606F00FF948
:100B000001287CD17C4D687801280BD1288A401CB3
:100B10002882688A401C6882A88A401CA882288B88
:100B2000401C2883E88A401CE882E87910B1688B71
:100B3000401C6883287A10B1A88B401CA883687A6F
:100B400010B1E88B401CE883A87A10B1288C401CB7
:100B50002884E87A10B1688C401C6884288A0024B4
:100B6000012800D12C82688A052836D16C82FFF7D3
:100B70009EFEFFF740FEE879297A0843697A084328
:100B800000D00120A87140BBFFF711FEFFF7ECFD7C
:100B9000FFF7C1FDFFF7F9FB03F082FB04F0B2F9A8
:100BA000A87820B104F03FFBA87960B115E0534864
:100BB0000460534804609FED530A534880ED040AD3
:100BC00080ED050AF0E7A87818B1E87818B9FFF7C2
:100BD00059FBE87808B1FFF70DFBA88A0A2815D160
:100BE0004A48AC82006806F046FC41EC100B48A174
:100BF00053EC102B474806F057FE464800E04DE006
:100C000006F000FB0146434802F0F9FAE88A192889
:100C100002D1EC8204F026F8288B322800D12C83F4
:100C2000688BC82801D16C83EC71A88BB0F5E17F8B
:100C300001D1AC832C72E88BFA2801D1EC836C7261
:100C4000288CA0F50061663923D12C84AC722878F9
:100C5000697B08431DD101206873D5ED130AB6EEF8
:100C6000040A60EE800AC5ED130AD5ED140A60EEA1
:100C7000800AC5ED140AD5ED150A60EE800AC5EDAF
:100C8000150AD5ED160A20EE800A85ED160A04F045
:100C900039F9688CB0F5C87F00D16C843046BDE866
:100CA0007040012106F047B813489FED1B0A80ED04
:100CB0000F0A9FED1A0A80ED100A9FED190A80EDC8
:100CC000110A9FED180A80ED120A704700EBC0036D
:100CD00000214FF4C87203EB001304E00020401C15
:100CE0009042FCD3491CB1EB430FF7D3704700008F
:100CF000001002400014004000000020240C0040BE
:100D00002404004000000000781300208801002027
:100D100025660A00A00200200000EC420000F0421C
:100D2000000002430000F6421CB50121102005F02E
:100D3000F4FA002101208DF8041000908DF80700CE
:100D400003202C4C8DF805006946204605F0E2F89A
:100D5000022100916946204605F0DCF8042100914B
:100D60006946204605F0D6F80821009169462046DC
:100D700005F0D0F81CBD70B51F4D204C287858B137
:100D8000D4F8000268B1D4F8040250B1D4F80802D3
:100D900038B1D4F80C0220B1D4F8000201281AD0DE
:100DA00026E00A2000F05DFB00202870D4F8000245
:100DB00048B1D4F8040240B1D4F8080238B1D4F8EC
:100DC0000C0230B114E0012070BD022070BD032080
:100DD00070BD042070BDD4F80402012808D1D4F8F5
:100DE0000802012804D1D4F80C02012800D128708F
:100DF000002070BD00100240A00000200000424210
:100E00002DED0A8B82B00024DFEDDD8A4FF4A06067
:100E1000B0EE688A04F02AFEA82000F0E1FAFFF79D
:100E200083FF04F0A9FD01F09FFD542144F62060EA
:100E300002F0FEFF03F089FB02F051F801F0EEFD35
:100E400001F008FE03F0DDFF54214FF47A7002F048
:100E5000BFFF4FF6FF750121284604F037F9012145
:100E6000284604F08AF900F017FBFFF797F904F021
:100E700049F84FF4E13002F0E1F84FF4165002F077
:100E80008DFAC048C0ED008ABF48C0ED008ABF4857
:100E9000C0ED008ABE48C0ED008ABE48C0ED008AA1
:100EA000BD48C0ED008ABD48C0ED008ABC48C0ED19
:100EB000008ABC48C0ED008ABB48C0ED008ABB4830
:100EC000C0ED008ABA48C0ED008AFFF781F903F04F
:100ED000E7F99FEDB8BB9FEDB99BDFF8E882DFF83B
:100EE000E892DFF8E8A2DFF8E8B29FEDBACBBB4D9D
:100EF0009FEDBBABBC4EFFF73EFF012802D002289E
:100F000040D08CE0B94FBA4938680860B9494218F6
:100F1000B9498A4201D2022104E0B84A1044884209
:100F200002D20321B6480170642000F09AFAB54855
:100F300097ED000A4FF4804180ED000AB24880ED41
:100F4000000AB24880ED000AB14880ED000AB148BD
:100F500080ED000AB04880ED000AB04880ED000A3C
:100F6000AF4880ED000AAF4880ED000AAE4880ED42
:100F7000000AAE4805F035F8AD4901200870AD49CA
:100F80000870A6E0072C4AD2DFE804F049040608FE
:100F90001C304400474602E04F4614E0574638688C
:100FA00006F069FA53EC192B06F033F906F076FADD
:100FB000386018EE100A06F05EFA41EC100B53ECA4
:100FC000192B1EE05F46386806F055FA53EC1B2BD0
:100FD00006F01FF906F062FA386018EE100A06F003
:100FE0004AFA41EC100B53EC1B2B0AE0286806F080
:100FF00042FA53EC192B06F00CF906F04FFA286070
:10100000D7E751EC100B06F004F906F047FA08EEAA
:10101000100A5EE0D6ED000AB7EE000A53E003289E
:1010200002D004280CD054E0062C03D204F10104B1
:10103000E4B202E001D14FF00004B0EE688A48E06B
:10104000072C46D2DFE804F0450406081C303B00BC
:10105000474602E04F4614E05746386806F00BFA60
:1010600053EC1A2B06F0D5F806F018FA386018EE93
:10107000100A06F000FA41EC100B53EC1A2BC0E7F3
:101080005F46386806F0F7F953EC1C2B06F0C1F800
:1010900006F004FA386018EE100A06F0ECF941EC9C
:1010A000100B53EC1C2BACE7286806F0E4F953EC6A
:1010B0001A2B06F0AEF806F0F1F92860D7E7D6ED66
:1010C000000AB0EE000A70EE800A38EE008AC6ED23
:1010D000000A142000F097F957480C27009790ED6C
:1010E000030A0223052224213C2001F0D9FD5348A4
:1010F0000097022390ED030A05222421002001F02D
:10110000CFFD4F480097022390ED030A05221821D6
:101110003C2001F0C5FD4B480097022390ED030AE7
:1011200005220C213C2001F0BBFD4748009702231B
:1011300090ED030A05221821002001F0B1FD43487B
:101140000097022390ED030A05220C21002001F0F4
:10115000A7FD00EE104A02230522B8EE400A302116
:101160000020009701F09CFD02230522B0EE480A02
:1011700030213C20009701F093FD01F02EFCBAE6EF
:10118000000000005C0000206000002064000020DF
:10119000680000207C0000208000002084000020E7
:1011A000880000208C000020900000209400002087
:1011B000980000209A9999999999C93F333333330C
:1011C0003333D33F24000020280000202C000020CF
:1011D000300000209A9999999999E13F34000020B4
:1011E0009A9999999999E93F38000020880100203F
:1011F00090010020FFFFF83CFFFF2C00FFFFF8BC30
:1012000080010020A40000203C030020F802002000
:1012100080030020C40300204C0400209004002020
:10122000D40400205C050020A0050020001002402E
:10123000010000200A0000201402002034020020D7
:1012400094010020B4010020D4010020F40100200A
:101250007047FEE7FEE7FEE7FEE77047704770471E
:10126000704700000CB500225449009201920868B2
:1012700040F4803008604FF4A043086800F4003068
:1012800001900098401C0090019810B90098984275
:10129000F3D10868800334D50120019047484030DD
:1012A000026842F0805202604548026842F44042BF
:1012B00002604248083002680260026842F400425C
:1012C0000260026842F4A0520260031F3D4A1A60A5
:1012D0000A6842F080720A600A689201FCD53A49B5
:1012E00040F205720A60016821F0030101600168A3
:1012F00041F0020101600168C1F381010229FAD1C4
:101300000CBD01920CBD314810B5016841F470016B
:1013100001602A48016841F001010160274A00216B
:101320000832116002682A4B1A400260031D294AE4
:101330001A60026822F48022026020480C300160AA
:10134000FFF790FF21494FF000608039086010BD21
:1013500070B51A4D083528681F4B204910F00C0055
:1013600004D05E10042803D0082803D00B601BE0D3
:101370000E6019E0114A121D1068C0F38054106805
:1013800000F03F0014B1B6FBF0F001E0B3FBF0F069
:1013900013681268C3F388135843C2F30142521C06
:1013A0005200B0FBF2F0086028680C4AC0F303104A
:1013B000121D105C0A68C2400A6070BD003802400D
:1013C0000070004008544007003C024088ED00E0F7
:1013D000FFFFF6FE103000240024F400A8000020D7
:1013E00010B504466FF0040004F086FB2949E008BC
:1013F00000EB40020870C2EBC0104FF6FF7202EA29
:10140000C000488010BD2349097848434FF0E021CF
:10141000486100238B61086940F001000861086998
:10142000C20701D0C003FAD5086920F001000861A5
:101430008B6170471749498848434FF0E021486164
:1014400000238B61086940F0010008610869C20748
:1014500001D0C003FAD5086920F0010008618B6152
:10146000704770B54FF40776B0FBF6F1CCB2B0FB25
:10147000F6F106FB110504E03046FFF7DBFF641EC2
:10148000E4B2002CF8D1002D03D02846BDE870400E
:10149000D0E770BDBC0000209FEDFE0AFE4880ED45
:1014A000000ADFEDFE0AB2EE041AC0ED070A80ED75
:1014B000080A80ED050A80ED0F0ADFEDF90A80EDDC
:1014C0000D0AC0ED090A80ED0E1A443880ED000ABD
:1014D000DFEDF21AC0ED071A80ED080A80ED050A6B
:1014E00080ED0F0A80ED0D0AC0ED090A80ED0E1A9D
:1014F000DFEDEC1AA0F6C400C0ED001A80ED071A6B
:1015000080ED080A80ED050A80ED0F0A80ED0D0AD6
:10151000443080ED000ADFEDE41AC0ED071A80EDDB
:10152000080A80ED050A80ED0F0A80ED0D0AF7EE3E
:10153000041AC0ED091AF1EE081AC0ED0E1A443073
:1015400080ED000ADFEDD91AC0ED071A80ED080A18
:1015500080ED050A80ED0F0ADFEDD51AC0ED0D1AFA
:10156000DFEDD41AC0ED091ADFEDD31AC0ED0E1A63
:10157000443080ED000ADFEDD11AC0ED071A80ED8E
:10158000080A80ED050A80ED0F0ADFEDCD1AC0EDE7
:101590000D1ADFEDCC1AC0ED091ADFEDCB1AC0ED44
:1015A0000E1ACC3080ED000ADFEDC81AC0ED071A24
:1015B00080ED080AF0EE001AC0ED051AF7EE001AE9
:1015C000C0ED0F1ADFEDBE1AC0ED0D1ADFEDC01A27
:1015D000C0ED091ADFEDBF1AC0ED0E1A883880ED94
:1015E000000ADFEDB61AC0ED071A80ED080A80ED9B
:1015F000050A80ED0F0ADFEDB21AC0ED0D1ADFED1E
:10160000B11AC0ED091ADFEDB01AC0ED0E1A443060
:1016100080ED000ADFEDB01AC0ED071A80ED080A70
:1016200080ED050A80ED0F0ADFEDA51AC0ED0D1A59
:10163000DFEDAA1AC0ED091ADFEDA91AC0ED0E1AE6
:10164000883080ED000ADFEDA11AC0ED071A80EDA9
:10165000080AF0EE001AC0ED051AF7EE001AC0ED08
:101660000F1ADFED971AC0ED0D1ADFED991AC0EDD4
:10167000091ADFED9B1AC0ED0E1A443080ED000A06
:10168000DFED981AC0ED071A80ED080A80ED050A13
:1016900080ED0F0A80ED0D0AF7EE081AC0ED091A69
:1016A000F2EE0E1AC0ED0E1A443080ED000ADFEDA6
:1016B000811AC0ED071A80ED080A80ED050A80ED59
:1016C0000F0ADFED7B1AC0ED0D1ADFED761AC0EDC3
:1016D000091ADFED851AC0ED0E1A443080ED000ABC
:1016E000DFED821AC0ED071A80ED080A80ED050AC9
:1016F00080ED0F0A80ED0D0AF7EE081AC0ED091A09
:10170000F3EE0E1AC0ED0E1A443080ED000ADFED44
:10171000781AC0ED071A80ED080A80ED050A80ED01
:101720000F0ADFED671AC0ED0D1ADFED6B1AC0ED81
:10173000091ADFED631AC0ED0E1ADFED6E1A4430A0
:10174000C0ED001A9FED6C2A80ED072A80ED080A93
:1017500080ED050A80ED0F0A80ED0D0AC0ED090A43
:10176000B2EE082A80ED0E2A4430C0ED001A9FED3B
:10177000622A80ED072A80ED080A80ED050A80EDD7
:101780000F0A80ED0D0AC0ED090AB2EE082A80EDBD
:101790000E2A4430B1EE042AC0ED001AC0ED070A4B
:1017A00080ED080A80ED050A80ED0F0A80ED0D0A34
:1017B000C0ED090A80ED0E2A4430B1EE042AC0EDD6
:1017C000001AC0ED070A80ED080A80ED050A80EDD9
:1017D0000F0A80ED0D0AC0ED090A80ED0E2A9FED7B
:1017E000472A443080ED002AC0ED070A80ED080A40
:1017F00080ED050A80ED0F0A80ED0D0AC0ED090AA3
:10180000B1EE042A80ED0E2A9FED3C2A443080ED93
:10181000002AC0ED070A80ED080A80ED050A80ED78
:101820000F0A80ED0D0AC0ED090AB1EE042A80ED21
:101830000E2A44309FED322AC0ED001A80ED072AAF
:101840009FED302A80ED082A9FED2F2A80ED052A92
:101850009FED2E2A80ED0F2AB1EE002A80ED0D2A91
:1018600080ED090A80ED0E1A8830B1EE042AC0ED31
:10187000001AC0ED070A80ED080A80ED050A80ED28
:101880000F0A80ED0D0AC0ED090A80ED0E2A4438DA
:101890003EE0000000000000BC0B00209A99993E39
:1018A000CDCC4C3E000048423333333F00008243EE
:1018B0000000FA440000164300002F450000C44217
:1018C00000001644000048430000E1440000C84303
:1018D000000096430000AF440000C84200008C4264
:1018E00000004844EC51383F000096449A99193F53
:1018F0000000704300009642713D0A3E00005242D3
:10190000CDCCCC3DA69BC43A0AD7A33B17B7D13860
:10191000C0ED001AC0ED070A80ED080A80ED050A47
:1019200080ED0F0A80ED0D0AC0ED090AF1EE040A00
:10193000C0ED0E0ADFEDFE0A8830C0ED000ADFEDD3
:10194000FD0AC0ED070A80ED080A80ED050A80ED6A
:101950000F0A80ED0D0AF5EE000AC0ED090AF2EE5D
:10196000000AC0ED0E0ADFEDF20A4430C0ED000AB5
:10197000DFEDF00AC0ED070A80ED080A80ED050AE8
:1019800080ED0F0A80ED0D0AF5EE000AC0ED090AA0
:10199000F2EE000AC0ED0E0ADFEDE50A4430C0EDBC
:1019A000000ADFEDE50AC0ED070A80ED080A80EDC8
:1019B000050A80ED0F0A80ED0D0AF5EE000AC0ED74
:1019C000090AF2EE000AC0ED0E0ADFEDD90A443032
:1019D000C0ED000ADFEDD90AC0ED070A80ED080A64
:1019E00080ED050A80ED0F0A5FED3B0A80ED0D0AE0
:1019F000C0ED090AF1EE040AC0ED0E0ADFEDCC0AD3
:101A00004430C0ED000ADFEDCB0AC0ED070A80EDDF
:101A1000080A80ED050A80ED0F0A80ED0D0AF5EE4B
:101A2000000AC0ED090AF2EE000AC0ED0E0ADFED71
:101A3000C00A4430C0ED000ADFEDBE0AC0ED070A5F
:101A400080ED080A80ED050A80ED0F0A80ED0D0A91
:101A5000F5EE000AC0ED090AF2EE000AC0ED0E0A2A
:101A6000DFEDB30A4430C0ED000A5FED680AC0ED57
:101A7000070AF0EE080AC0ED080A80ED051AF7EE35
:101A8000000AC0ED0F0A80ED0D0A80ED090A5FED36
:101A9000700AC0ED0E0ADFEDA60A4430C0ED000A60
:101AA0005FED760AC0ED070AF0EE080AC0ED080AFD
:101AB00080ED051AF7EE000AC0ED0F0A5FED7C0A13
:101AC000C0ED0D0A80ED090A5FED7F0AC0ED0E0A38
:101AD0004430C0ED001A5FED830AC0ED070AF0EE56
:101AE000080AC0ED080A80ED051AF7EE000AC0EDFD
:101AF0000F0A5FED850AC0ED0D0A80ED090ADFEDE2
:101B0000900AC0ED0E0A4430C0ED001A5FED910A54
:101B1000C0ED070AF0EE080AC0ED080A80ED051ACC
:101B2000F7EE000AC0ED0F0A5FED930AC0ED0D0A53
:101B300080ED090ADFED820AC0ED0E0A5FED990A19
:101B40004430C0ED000ADFED7F0AC0ED070A80EDEA
:101B5000080A80ED050A80ED0F0A80ED0D0A80ED80
:101B6000090A80ED0E1A5FEDA30A4430C0ED000AA9
:101B7000DFED740AC0ED070A80ED080A80ED050A62
:101B800080ED0F0A80ED0D0A80ED090A80ED0E1A36
:101B9000704780ED020AD0ED050AB4EEE00AF1EEDE
:101BA00010FA0DD2F1EE600AB4EEE00AF1EE10FA8E
:101BB00006DDD0ED040A90ED0F1A40EE010A01E0B7
:101BC0005FEDCC0AC0ED040AB0EE601AD0ED0D0A4C
:101BD000B4EEE01AF1EE10FA06DCF1EE600AB4EEB3
:101BE000E01AF1EE10FA01D2C0ED040AD0ED030ABA
:101BF00070EE600AC0ED060A90ED071A21EE001A99
:101C000080ED0A1AD0ED081A90ED042A61EE821ACE
:101C1000C0ED0B1A90ED092A31EE211A62EE200A6E
:101C2000C0ED0C0A71EE200A90ED0E1AB5EEC01A46
:101C3000F1EE10FA0DD0B4EEE01AF1EE10FA06D380
:101C4000B1EE411AB4EEE01AF1EE10FA01DDF0EE59
:101C5000410A80ED030AC0ED100A70473A4900B509
:101C6000D1ED000A084630EEC00A81ED020AFFF706
:101C700090FF364891ED100A80ED000A344880ED5F
:101C8000000A00BD304900B544310846D1ED000AD4
:101C900030EEC00A81ED020AFFF77BFF2D4891ED7F
:101CA000100A80ED000A2C4880ED000A00BD26498C
:101CB00000B588310846D1ED000A30EEC00A81ED4A
:101CC000020AFFF766FF91ED100A2048B1EE400AC4
:101CD00080ED000A1E4880ED000A00BD1A4900B5DB
:101CE000CC310846D1ED000A30EEC00A81ED020A7F
:101CF000FFF74FFF91ED100A1648B1EE400A80ED54
:101D0000000A154880ED000A00BD144900B5D1ED68
:101D1000000A084630EEC00A81ED020AFFF739FFDB
:101D200091ED100A0948B1EE400A80ED000A17E073
:101D3000000070420AD7A33EB81E853EEC51383EE3
:101D400000007A44CDCCCC3EE40500205C000020AD
:101D5000600000206400002068000020F4060020DD
:101D6000F94880ED000A00BDF84900B5D1ED000A40
:101D7000084630EEC00A81ED020AFFF70AFF91ED36
:101D8000100AF348B1EE400A80ED000AF14880EDF8
:101D9000000A00BDED4900B544310846D1ED000A06
:101DA00030EEC00A81ED020AFFF7F3FEEA4891ED3A
:101DB000100A80ED000AE44880ED000A00BDE34906
:101DC00000B588310846D1ED000A30EEC00A81ED39
:101DD000020AFFF7DEFEDE4891ED100A80ED000AF0
:101DE000DC4880ED000A00BDD84900B5CC3108467A
:101DF000D1ED000A30EEC00A81ED020AFFF7C9FEFC
:101E0000D54891ED100A80ED000ACF4880ED000A18
:101E100000BDD24900B5D1ED000A084630EEC00A37
:101E200081ED020AFFF7B5FE91ED100ACA48B1EE46
:101E3000400A80ED000AC64880ED000A00BDC7498F
:101E400000B544310846D1ED000A30EEC00A81EDFC
:101E5000020AFFF79EFE91ED100ABB48B1EE400A60
:101E600080ED000ABB4880ED000A00BDBB4900B50B
:101E700088310846D1ED000A30EEC00A81ED020A31
:101E8000FFF787FE91ED100AB348B1EE400A80EDEE
:101E9000000AAF4880ED000A00BDB04900B5CC3162
:101EA0000846D1ED000A30EEC00A81ED020AFFF7C4
:101EB00070FE91ED100AA448B1EE400A80ED000AD0
:101EC000A44880ED000A00BDA54900B5D1ED000A87
:101ED000084630EEC00A81ED020AFFF75AFE9E481E
:101EE00091ED100A80ED000A994880ED000A00BDCE
:101EF0009B4900B544310846D1ED000A30EEC00AD6
:101F000081ED020AFFF745FE8F4891ED100A80ED42
:101F1000000A904880ED000A00BD2DE9F05F914A6B
:101F200001462DED068B1046D2ED000A30EEC00AB8
:101F300082ED020AFFF72DFE834C864D9FED8A9BB2
:101F4000854E834FDFF82882DFF82892DFF828A239
:101F5000DFF828B201292AD0052928D0092926D05E
:101F60008048443890ED020ADFED858A9FED85AA0E
:101F700092ED108A18EE100AB1EE480A86ED000ABA
:101F800087ED000A05F077FA53EC192B05F0E8F914
:101F900005F084FA206018EE100A05F06CFA53EC94
:101FA000192B05F0DDF905F079FA286045E092ED8E
:101FB000020ADFED758A9FED75AAB5EEC00AF1EE53
:101FC00010FA92ED108A1CDDB1EE480A84ED000A89
:101FD00085ED000A18EE100A05F04DFA53EC192BA6
:101FE00005F0BEF905F05AFA306018EE100A05F057
:101FF00042FA53EC192B05F0B3F905F04FFA3860AB
:102000001BE018EE100A05F036FA53EC192B05F018
:10201000A7F905F043FA306018EE100A05F02BFA24
:1020200053EC192B05F09CF905F038FAB1EE480A8B
:10203000386084ED000A85ED000A28EE280A68EE73
:102040000A0A88ED000AC9ED000ACAED000A8BED04
:10205000000ABDEC068BBDE8F09F2DE9F05F414A18
:1020600001462DED068B443A1046D2ED000A30EEC3
:10207000C00A82ED020AFFF78CFD9FED459B364CAE
:10208000334D314E334FDFF8E880DFF8E890DFF86A
:10209000E8A0DFF8E8B0012932D0052930D00929BD
:1020A0002ED092ED108A92ED020A84ED008ADFEDC7
:1020B000378A9FED35AA85ED008A18EE100A05F0E3
:1020C000DAF953EC192B05F04BF905F0E7F930601C
:1020D00018EE100A05F0CFF953EC192B05F040F972
:1020E00005F0DCF9386028EE280A68EE0A0A88ED67
:1020F000000AC9ED000ACAED000A8BED000AA8E744
:1021000092ED108A92ED020ADFED1E8A9FED1CAA65
:1021100018EE100A05F0AFF953EC192B05F020F971
:1021200005F0BCF9206018EE100A05F0A4F953EC94
:10213000192B05F015F905F0B1F9286086ED008A34
:1021400087ED008ACFE700006000002038070020FC
:1021500064000020680000205C0000204808002087
:1021600058090020BC0B0020666666666666E6BFFE
:102170007C000020800000208400002088000020D7
:1021800000008CC20000C8420000C8C200008C429F
:10219000666666666666E63FFF4900B591ED001A21
:1021A000F0EE602A084631EE400A81ED020AFFF7A0
:1021B000F0FC91ED100AF948B1EE400A80ED000AFA
:1021C000F74880ED000A91ED000AF34830EE620A0C
:1021D00081ED020AFFF7DDFC91ED100AF148B1EE46
:1021E000400A80ED000AF04880ED000A00BDEA498F
:1021F00000B54431F0EE602A91ED001A084631EE48
:10220000400A81ED020AFFF7C4FCE44891ED100A90
:1022100080ED000AE24880ED000A91ED000ADE48F8
:1022200030EE620A443081ED020AFFF7B2FCDD486D
:1022300091ED100A80ED000ADB4880ED000A00BD38
:10224000DA4900B5D1ED000A084630EEC00A81ED4A
:10225000020AFFF79EFCD64891ED100A80ED000AB5
:10226000D448F1EE400AC0ED000AD348C0ED000AA0
:10227000D24880ED000A00BDCC4900B54431084683
:10228000D1ED000A30EEC00A81ED020AFFF781FCB1
:1022900091ED100AC648F1EE400AC0ED000AC548AB
:1022A00080ED000AC44880ED000AC448C0ED000A71
:1022B00000BDB94900B588390846D1ED000A30EEB5
:1022C000C00A81ED020AFFF764FC91ED100AB848DC
:1022D000F1EE400AC0ED000AB64880ED000AB648AB
:1022E00080ED000AB548C0ED000A00BDAA4900B55E
:1022F00044390846D1ED000A30EEC00A81ED020AE9
:10230000FFF747FC91ED100AA948F1EE400AC0ED35
:10231000000AA84880ED000AA74880ED000AA748F7
:10232000C0ED000A00BDA64900B5D1ED000A08467F
:1023300030EE600A81ED020AFFF72BFC974891ED21
:10234000100A80ED000A964880ED000A9FED9D0A74
:10235000944880ED000A944880ED000A00BD984939
:1023600000B5D1ED000A084630EEC00A81ED020A40
:10237000FFF70FFC894891ED100A80ED000A8848AC
:1023800080ED000A874880ED000A874880ED000A4A
:1023900000BD8B4800B5883000F5AA71D0ED000A69
:1023A000084630EE600A81ED020AFFF7F2FB7D4835
:1023B00091ED100A80ED000A7B4880ED000A00BD17
:1023C0007F4800B5883000F5EE71D0ED000A084670
:1023D00030EE600A81ED020AFFF7DBFB714891EDF8
:1023E000100A80ED000A704880ED000A00BD7449B3
:1023F00000B544310846D1ED000A30EEC00A81ED47
:10240000020AFFF7C6FB91ED100A6948F1EE400A97
:10241000C0ED000A674880ED000A6748C0ED000A79
:10242000664880ED000A00BD654900B58831084660
:10243000D1ED000A30EE600A81ED020AFFF7A9FB38
:10244000D1ED100AB1EE040A5F4820EE800AB9EE21
:10245000041A80ED000A60EE810A5C48C0ED000AB3
:102460005B4880ED000A5B48C0ED000A00BD54499E
:1024700000B5CC310846D1ED000A30EE600A81ED9E
:10248000020AFFF786FBD1ED100AB1EE040A4E48AE
:1024900020EE800AB9EE041A80ED000A60EE810A8F
:1024A0004A48C0ED000A4A4880ED000A4948C0ED9C
:1024B000000A00BD484900B5D1ED000A084630EEDB
:1024C000600A81ED020AFFF764FBD1ED100AB1EE5C
:1024D000040A3D4820EE800AB9EE041A80ED000A95
:1024E00060EE810A3948C0ED000A394880ED000AE3
:1024F0003848C0ED000A00BD384900B5D1ED000AEA
:10250000084630EEC00A81ED020AFFF742FB91ED6A
:10251000100A2748F1EE400AC0ED000A254880ED78
:10252000000A2548C0ED000A244880ED000A00BDDD
:1025300010B523482DED048B883000F1CC01D0ED8F
:10254000000ACC3030EE600A81ED020AFFF721FB71
:102550000C6C204604F08FFF9FED218B53EC182B61
:1025600004F0FEFE04F09AFF17490860204604F0CC
:1025700082FF9FED1D9B53EC192B04F0F1FE04F03C
:102580008DFF12490860204604F075FF53EC182BAC
:1025900004F0E6FE2CE00000F00A00205C000020C1
:1025A000600000206400002068000020E009002096
:1025B0007C00002080000020840000208800002093
:1025C000F8020020000000008C0000209000002095
:1025D0009400002098000020080400201805002026
:1025E000333333333333E33F333333333333E3BFC3
:1025F00004F054FFBF490860204604F03CFF53EC50
:10260000192B04F0ADFE04F049FFBB490860BDEC96
:10261000048B10BDB94910B5D1ED000A084630EE63
:10262000C00A81ED020AFFF7B4FA0C6C204604F0F0
:1026300022FF9FEDB31B53EC112B04F091FE04F02D
:102640002DFFB1490860204604F015FF9FEDAF1B38
:1026500053EC112B04F084FE04F020FFAD49086018
:10266000204604F008FF1FED221B53EC112B04F051
:1026700077FE04F013FF9F490860204604F0FBFE3C
:102680001FED271B53EC112B04F06AFE04F006FF2C
:102690009949086010BDA04800B5D0ED000A00F5CA
:1026A0000871084630EEC00A81ED020AFFF771FAA0
:1026B00091ED100A9948F1EE400AC0ED000A9848E1
:1026C00080ED000A9748C0ED000A974880ED000AA7
:1026D00000BD2DE9F05F954A01462DED068B1046B1
:1026E000D2ED000A30EEC00A82ED020AFFF751FA7D
:1026F0008F4C904D9FED909B914E924FDFF81C8236
:10270000DFF81C92DFF81CA2DFF81CB2012928D0E8
:10271000052926D0092924D092ED020ADFED8A8A04
:102720009FED8AAA92ED108A18EE100AB1EE480ABF
:1027300086ED000A87ED000A04F09DFE53EC192B8C
:1027400004F00EFE04F0AAFE206018EE100A04F059
:1027500092FE53EC192B04F003FE04F09FFE286058
:1027600045E092ED020ADFED7A8A9FED7AAAB5EE96
:10277000C00AF1EE10FA92ED108A1CDDB1EE480AA3
:1027800084ED000A85ED000A18EE100A04F073FECD
:1027900053EC192B04F0E4FD04F080FE306018EED9
:1027A000100A04F068FE53EC192B04F0D9FD04F074
:1027B00075FE38601BE018EE100A04F05CFE53EC66
:1027C000192B04F0CDFD04F069FE306018EE100AFC
:1027D00004F051FE53EC192B04F0C2FD04F05EFE30
:1027E000B1EE480A386084ED000A85ED000A28EE53
:1027F000280A68EE0A0A88ED000AC9ED000ACAED47
:10280000000A8BED000A24E42DE9F05F474A0146F7
:102810002DED068B443A1046D2ED000A30EEC00A88
:1028200082ED020AFFF7B5F99FED4B9B444C454DF5
:102830003F4E404FDFF8E480DFF8E490DFF8E4A09B
:10284000DFF8E4B0012932D0052930D009292ED093
:1028500092ED020ADFED428A9FED42AA92ED108AC4
:1028600084ED008A85ED008A18EE100A04F003FE5C
:1028700053EC192B04F074FD04F010FE306018EED8
:10288000100A04F0F8FD53EC192B04F069FD04F074
:1028900005FE386028EE280A68EE0A0A88ED000A6C
:1028A000C9ED000ACAED000A8BED000A27E492ED9B
:1028B000108A92ED020ADFED258A9FED23AA18EE19
:1028C000100A04F0D8FD53EC192B04F049FD04F074
:1028D000E5FD206018EE100A04F0CDFD53EC192B35
:1028E00004F03EFD04F0DAFD286086ED008A87EDF5
:1028F000008ACFE794000020980000209004002078
:102900001F85EB51B81EE53F8C0000201F85EB5161
:10291000B81EE5BF90000020800300207C0000204E
:10292000800000208400002088000020BC0B0020D4
:102930006000002068000020CDCCCCCCCCCCECBF1B
:102940005C000020640000200000B4420000C8C207
:102950000000C8420000B4C2CDCCCCCCCCCCEC3F03
:10296000000090C20000A0421CB50121042003F029
:10297000D4FC42F23000009001208DF804000021C8
:102980008DF806108DF8070003208DF805006946C4
:10299000014803F0BFFA1CBD0008024030B5FE4AF2
:1029A000C2F8B4120024C2F8B04221460123C2F892
:1029B000BC42050602D5C2F8B83201E0C2F8B842FE
:1029C000C2F8BC324006491C000EC9B20829EED339
:1029D000C2F8B032C2F8B43230BD70B5EF4E002547
:1029E00005F1B000C0B20021FFF7D8FF0021084672
:1029F000FFF7D4FF00211020FFF7D0FF002406EBE3
:102A0000C4000121405DFFF7C9FF641CE4B2802CC3
:102A1000F5D36D1CEDB2082DE2D370BD00B50021D9
:102A20008D20FFF7BBFF00211420FFF7B7FF002127
:102A3000AF205DF804EBB1E700B500218D20FFF772
:102A4000ADFF00211020FFF7A9FF0021AE205DF8A7
:102A500004EBA3E710B50021D04B0A46002003EB9E
:102A6000C004401CC0B262548028F8D3491CC9B2CB
:102A70000829F3D310BD10B57F2816D83F2914D8E4
:102A80000723A3EBD10301F00701C1F107040121E2
:102A9000A140C24CDBB204EBC000002AC25CC9B248
:102AA00001D00A4300E08A43C25410BD2DE9F04131
:102AB0001E4694460F460546DDF818800CE03C465D
:102AC00006E0424621462846FFF7D5FF641CE4B2E3
:102AD000B442F6D96D1CEDB26545F0D9BDE8F041C0
:102AE0007BE72DE9F04F82461E460F468946580780
:102AF00000D0012000EBD600710810FB01F0203A55
:102B000000F0FF0B02F0FF08002539E00C2E0FD07B
:102B1000102E11D0182E35D1A14908EBC80001EBB9
:102B200080004FF0000C445D200609D5099A0AE0A8
:102B300008EB48009B49F2E79B4901EB0810F0E7DE
:102B4000099890B1002239465046FFF794FF60067D
:102B50007F1C040EFFB2A7EB0900B04207D10AF1B7
:102B600001004F4600F0FF0A08E00122EBE70CF1FC
:102B7000010C0CF0FF0CBCF1080FD5D36D1CEDB2AD
:102B80005D45C3D3BDE8F08F0346012000E0584304
:102B9000491EC9B2FBD270472DE9FF4F81B0002713
:102BA000DDF838B01D46924680463C464FF001099C
:102BB0004FEA5B0627E0281B401EC1B20A20FFF740
:102BC000E3FFBAFBF0F00A21B0FBF1F201FB1200C7
:102BD00027B9691E8C4201DA48B101273030C2B2F0
:102BE00006FB0480C0B25B46CDF8009006E006FB11
:102BF0000480C0B25B462022CDF800900299FFF716
:102C000070FF641CE4B2AC42D5D305B0BAE72DE93D
:102C1000F84704461F46802016460D46A0EB57098C
:102C2000C3F140084FF0010A16E0A14502D200248A
:102C3000E819C5B2A84503DA00242546FFF70AFFC4
:102C4000CDF800A032783B4629462046FFF749FFE1
:102C500004EB5700C4B2761C307820385E28E4D9E3
:102C6000BDE8F8872DE9F8411F46079D1600884604
:102C700000F105042B4607D54CA2FFF7C8FFE0B2D0
:102C80003B467242009506E049A2FFF7C0FFE0B262
:102C90003B46324600954146FFF77EFFBDE8F8818E
:102CA0002DE9FF4F05462DED020B82B0C01D119C92
:102CB00000F0FF0891464FEA540A08F101010AFBAF
:102CC0000910DFED3C0AB5EEC00AC7B207EB5406A7
:102CD000F1EE10FAF0B20190234609D233A2284651
:102CE0000599FFF794FF9FED341A20EE010A06E0E4
:102CF0002FA228460599FFF78AFF20EE200A0094AC
:102D00004B46404680EE201A0599FCEEC10A10EEB3
:102D1000902AFFF741FF234628A238460599FFF77E
:102D200076FF079864224FF00A0801284CD0ED1D69
:102D3000EDB263086D1C03FB095324F00101DBB203
:102D4000CD184FF0010B022849D0032874D1BDEEF5
:102D5000C00A4FF47A78414610EE100A90FBF1F267
:102D600008FB12000A2869DA0094F0B2012300225D
:102D70000599FFF711FF0094E8B20123002205999D
:102D8000FFF70AFF10EE100A5B4690FBF8F208FB13
:102D900012020AEB4A0013E000804042000C0020BF
:102DA000AC8C000848820008BC8600082D0000009A
:102DB0002000000000007A4400007AC42E000000C9
:102DC0003844C0B2009452E0BDEEC00A10EE100AC2
:102DD00090FBF2F090FBF8F108FB110226E0BDEE4B
:102DE000C00A174610EE100A90FBF8F191FBF2F2C0
:102DF00007FB12100A2811DA0094F0B20123002216
:102E00000599FFF7C9FE10EE100A5B46009490FB8F
:102E1000F8F191FBF7F207FB121227E010EE100A0F
:102E200090FBF8F191FBF7F207FB12120094079B5D
:102E300005990198FFF7B0FE08B0A3E610EE100A5E
:102E40000F4690FBF7F107FB1100642811DA00949C
:102E5000F0B2012300220599FFF79EFE10EE100A42
:102E60000223009490FBF7F107FB1102E8B20599E9
:102E7000E0E710EE100A90FBF7F107FB1102D5E72F
:102E80002DE9F04780466A480C468C464FF0200AF0
:102E900000EB42190027002519F80760300601D51C
:102EA000012200E0002221464046FFF7E4FD7006C3
:102EB000641C060EE4B2A4EB0C00102809D06D1CB3
:102EC000EDB2082DEAD37F1CFFB25745E3D3BDE82E
:102ED000F08708F10100644600F0FF08F3E72DE9F0
:102EE000FC470121022003F018FA01248DF8044068
:102EF00000208DF8060003208DF80500DFF83491DE
:102F00004FF4805500958DF807406946484603F018
:102F100001F8660369464846009602F0FBFFA703E6
:102F200069464846009702F0F5FF4FF400486946AD
:102F30004846CDF8008002F0EDFF2946484603F0F0
:102F400050F83146484603F04CF83946484603F0FD
:102F500048F84146484603F044F83748C0F8B042C4
:102F60000021AE20FFF71AFD0021D520FFF716FD46
:102F70000021F020FFF712FD0021A820FFF70EFD31
:102F800000213F20FFF70AFD0021D320FFF706FDB7
:102F900000210846FFF702FD00214020FFF7FEFC5C
:102FA00000218D20FFF7FAFC00211420FFF7F6FC2A
:102FB00000212020FFF7F2FC00210220FFF7EEFCA9
:102FC0000021A120FFF7EAFC0021C020FFF7E6FC6A
:102FD0000021DA20FFF7E2FC00211220FFF7DEFCDF
:102FE00000218120FFF7DAFC0021EF20FFF7D6FC5B
:102FF0000021D920FFF7D2FC0021F120FFF7CEFC01
:103000000021DB20FFF7CAFC00213020FFF7C6FCBF
:103010000021A420FFF7C2FC0021A620FFF7BEFC80
:103020000021AF20FFF7BAFCFFF714FDBDE8FC87D5
:10303000C000002000040240008040422DE9F14F12
:1030400096B00121102003F090F90121880503F0CA
:1030500064F946208DF8440001258DF84550002480
:103060008DF846408DF8475011A802F004FDDFF8B6
:1030700014B3584602F052FDEE064FF00F084FF41D
:10308000806900964FF0400ACDE90484CDE90694AA
:10309000BE48CDF80CA0BC4F0894CDE9017068047F
:1030A000CDE90940CDE90B450D94694658460E948B
:1030B00002F0BCFD01221021584602F065FE0122FB
:1030C0008021381F04F03BF80021584602F0E7FD4C
:1030D0000121880503F021F9DFF8A8B2ABF1780BE4
:1030E000584602F01BFDA94802A90F3881E81101DA
:1030F000CDE905492802CDE908404FF440300A9057
:10310000079469465846CDE9006702F08FFD01211A
:10311000584602F0C4FD01224021381F04F00FF888
:10312000ADF850400C20ADF852001698ADF84C4068
:103130001290ADF84E40ADF8544012A9381F03F07C
:10314000F6FE25208DF8440002268DF845608DF8A6
:1031500046608DF8475011A802F08DFC01228021B5
:10316000381F03F0ECFF01224021381F03F0E7FF76
:10317000002240F22661381F03F0E9FF002240F2EE
:103180002551381F03F0E3FF002240F22771381F5A
:1031900003F0DDFF012240F22441381F03F0D7FF86
:1031A0000121381F03F034FF0121022003F0B5F89C
:1031B000774F07220621384602F020FF07221146EA
:1031C000384602F01BFF8DF840608DF842408DF8C4
:1031D000435003208DF841000FA93846CDF83CA09C
:1031E00002F098FE80208DF840600F908DF84340EB
:1031F0000FA9384602F08EFE17B0BDE8F08F70B50B
:10320000604C0D4606464FF02051204602F0ABFDC3
:10321000201D05605B480C300660206840F001000E
:10322000206070BD10B5574C5A49783C204602F0DA
:103230009AFD0021204602F032FD0F21221D11606F
:103240002046BDE81040012102F029BD70B54E4C6A
:1032500040F22441241F204603F09BFF28B1204662
:1032600003F000FFBDE87040DCE740F22665294628
:10327000204603F08EFF002808D02946204603F0A0
:10328000A7FF4048016821F00101016070BD70B5E1
:10329000414D3C4C2946204602F08CFD002810D0C0
:1032A0002946204602F05FFD0021204602F0F7FC8F
:1032B000BDE870403448012240F22661001F03F04F
:1032C00046BF70BDFFB43148AA21413814250170B2
:1032D000FF214170F1218170C5709DF800100171CE
:1032E0009DF8011041719DF8041081719DF8051041
:1032F000C1719DF8081001729DF8091041729DF886
:103300000C1081729DF80D10C1729DF82010017390
:103310009DF8211041739DF8241081739DF82510AC
:10332000C1739DF8281001749DF8291041749DF80F
:103330002C1081749DF82D10C1749DF8301001750A
:103340009DF8311041759DF8341081759DF8351048
:103350000023C17518211C461A462D1D06E0865C07
:10336000521C3344DBB21C44E4B2D2B29542F6D8CC
:103370004354491C445404B00448F0BC4138491C2F
:103380003DE70000B86402400410014041100020F5
:103390000004024000803D10008000282DE9F14F1C
:1033A000012196B0480402F0D6FF0121480502F041
:1033B000B4FF11208DF8440002258DF845500024FB
:1033C0008DF8464001268DF8476011A802F053FBA6
:1033D000BD4802F0A3FB4FF48069CDE90549BC4824
:1033E00002A94FF0400A4FF00B0B0794089481E8B4
:1033F000010C2804CDE90940CDE90B46DFF8CC8269
:10340000AF06CDE900780D946946AF480E9402F0FE
:103410000DFC01221021AC4802F0B6FC01228021F3
:10342000A8F1040003F08BFE0021A74802F037FC4E
:103430000121480502F071FFA348183802F06EFB25
:10344000A34802A90B3881E81108CDE90549E80134
:10345000CDE908404FF440300A909B48CDE9007810
:1034600007946946183802F0E1FB974801211838A3
:1034700002F015FC01224021A8F1040003F05FFED8
:10348000ADF850400C20ADF852001698ADF84C4005
:103490001290ADF84E40ADF8544012A9A8F10400C6
:1034A00003F045FD26208DF844008DF845408DF849
:1034B00046508DF8476011A802F0DDFA0122802104
:1034C000A8F1040003F03BFE01224021A8F1040012
:1034D00003F035FE002240F22661A8F1040003F05B
:1034E00036FE002240F22551A8F1040003F02FFE21
:1034F000002240F22771A8F1040003F028FE012207
:1035000040F22441A8F1040003F021FE0121A8F1BA
:10351000040003F07DFD0121082002F0FEFE6D4F46
:1035200007220521384602F069FD072206213846A8
:1035300002F064FD8DF840508DF842408DF84360F4
:1035400003208DF8410020200F900FA9384602F08B
:10355000E1FC8DF840508DF843400FA93846CDF876
:103560003CA002F0D7FC17B0BDE8F08F70B50C4658
:1035700005465949544802F0F6FB534AA03AC2F8AE
:10358000A440C2F8AC5052F8A00F40F00100106007
:1035900070BD10B54C4C5149183C204602F0E3FB7D
:1035A0000021204602F07BFB474A0B21A03AC2F8DB
:1035B0008C102046BDE81040012102F070BB70B5B0
:1035C000424C40F22445241F2946204603F0E1FDE9
:1035D000A8B3204603F046FD3D49414A0B3908781F
:1035E000552836D14878532833D1C8795080897905
:1035F000DFED3C0A41EA002003B200EE103A918070
:10360000D380B8EEC00A60EE200A9FED370A20EEA4
:10361000800AD2ED040A30EE600ADFED340A82ED52
:10362000030A1078022802D0032809D011E010EE16
:10363000100A2F4988420CDD30EE600A07E013E0E3
:1036400010EE100A2B49884203D930EE200A82ED91
:10365000030A92ED030A294682ED020A204603F08E
:10366000B7FDBDE8704094E740F226652946204644
:1036700003F08FFD00280AD02946204603F0A8FD5C
:103680001148A03850F8A01F21F00101016070BD61
:1036900070B5194D0C4C2946204602F08BFB0028D2
:1036A00010D02946204602F05EFB0021204602F0A1
:1036B000F6FABDE870400548012240F22661001F7D
:1036C00003F045BD70BD0000A0600240044400400E
:1036D0005B100020000C024000002020408F0020E2
:1036E0008001002000000038000034430000B44393
:1036F00000003443000034C3008020202DE9F14F46
:10370000012196B0880402F026FE0121480502F04E
:1037100004FE0E208DF8440002258DF845508DF8EA
:10372000465001268DF8476011A802F0A4F9DFF891
:1037300024B3584602F0F2F9AF06C848DFF8188300
:103740000097CDE90180002440204FF00F094FF48D
:10375000806A0390CDE90494CDE906A4C0020894E0
:10376000CDE90940CDE90B460D94694658460E94C3
:1037700002F05CFA01221021584602F005FB0122FA
:103780008021A8F1040003F0DAFC0021584602F081
:1037900086FA0121480502F0C0FDDFF8B8B2ABF1AE
:1037A000300B584602F0BAF9AC4802A90F3881E84C
:1037B0001102CDE9054ACDE9007807940894EF019C
:1037C0004FF44030CDE909706946584602F02EFAB0
:1037D0000121584602F063FA01224021A8F10400B9
:1037E00003F0ADFCADF850400C20ADF85200169837
:1037F000ADF84C401290ADF84E40ADF8544012A9CF
:10380000A8F1040003F093FB27208DF844008DF805
:1038100045408DF846508DF8476011A802F02BF90D
:1038200001228021A8F1040003F089FC012240213B
:10383000A8F1040003F083FC002240F22661A8F105
:10384000040003F084FC002240F22551A8F104009A
:1038500003F07DFC002240F22771A8F1040003F080
:1038600076FC012240F22441A8F1040003F06FFC31
:103870000121A8F1040003F0CBFB0121082002F094
:103880004CFDDFF8DC8107220821404602F0B6FB40
:1038900007220921404602F0B1FB8DF840508DF817
:1038A00042408DF8436003208DF841000FA9404647
:1038B0000F9702F02FFB28028DF840500F908DF8E3
:1038C00043400FA9404602F025FB17B0BDE8F08F3A
:1038D00070B50C4605464FF0C0515E4802F043FA01
:1038E0005C4A583AD4655566906D40F00100906589
:1038F00070BD10B5574C5B49303C204602F033FA9E
:103900000021204602F0CBF9524A0F21583AD162E9
:103910002046BDE81040012102F0C1B970B54E4CFF
:1039200040F22441241F204603F033FC28B12046F6
:1039300003F098FBBDE87040DBE740F226652946BE
:10394000204603F026FC002809D02946204603F033
:103950003FFC40485838816D21F00101816570BD00
:1039600070B5414D3B4C2946204602F023FA002811
:1039700010D02946204602F0F6F90021204602F038
:103980008EF9BDE870403448012240F22661001FE4
:1039900003F0DDBB70BDFFB43048AA2141381425C7
:1039A0000170FF214170F1218170C5709DF80010F8
:1039B00001719DF8011041719DF8041081719DF80D
:1039C0000510C1719DF8081001729DF8091041722F
:1039D0009DF80C1081729DF80D10C1729DF8201099
:1039E00001739DF8211041739DF8241081739DF897
:1039F0002510C1739DF8281001749DF82910417499
:103A00009DF82C1081749DF82D10C1749DF8301014
:103A100001759DF8311041759DF8341081759DF840
:103A200035100023C17518211C461A462D1D06E0CD
:103A3000865C521C3344DBB21C44E4B2D2B29542E1
:103A4000F6D84354491C445404B00448F0BC4138EF
:103A5000491C3DE75860024004480040A710002080
:103A6000000C0240408F0010008000182DE9F14F3B
:103A7000012196B0C80402F06EFC0121480502F055
:103A80004CFC0F278DF8447002258DF845504FF0FF
:103A9000030B8DF846B001268DF8476011A801F0A0
:103AA000EAFFC44802F03AF84FF00069C348DFF873
:103AB00008A3CDF80090CDE901A0002440204FF4E8
:103AC00080680390CDE90474CDE90684C0020894AF
:103AD000CDE90940CDE90B460D946946B5480E94F1
:103AE00002F0A4F801221021B24802F04DF901229F
:103AF0008021AAF1040003F022FB0021AD4802F06E
:103B0000CEF80121480502F008FCAA48303802F03E
:103B100005F8AA4802A90F3881E89100CDE90548C7
:103B2000E801CDE908404FF440300A90A148CDE9C2
:103B3000009A07946946303802F078F89D480121D0
:103B4000303802F0ACF801224021AAF1040003F061
:103B5000F6FAADF850400C20ADF852001698ADF8CA
:103B60004C401290ADF84E40ADF8544012A9AAF165
:103B7000040003F0DCF934208DF844008DF8454052
:103B80008DF846508DF8476011A801F074FF0122AE
:103B90008021AAF1040003F0D2FA01224021AAF107
:103BA000040003F0CCFA002240F22661AAF10400DE
:103BB00003F0CDFA002240F22551AAF1040003F0EF
:103BC000C6FA002240F22771AAF1040003F0BFFAFE
:103BD000012240F22441AAF1040003F0B8FA0121C5
:103BE000AAF1040003F014FA0121042002F095FB6D
:103BF000734F08220A21384602F000FA08220B21EE
:103C0000384602F0FBF98DF840508DF842408DF8AF
:103C100043608DF841B00FA93846CDF83C8002F0E2
:103C200079F9A8028DF840500F908DF843400FA904
:103C3000384602F06FF917B0BDE8F08F70B50C464A
:103C4000054660495B4802F08EF85A4A703A54675C
:103C5000D567106F40F00100106770BD10B5554C6E
:103C60005949303C204602F07EF80021204602F0FF
:103C700016F8504A0F21703A51642046BDE81040B2
:103C8000012102F00CB870B54B4C40F22441241FC6
:103C9000204603F07EFA28B1204603F0E3F9BDE8A0
:103CA0007040DBE740F226652946204603F071FAB2
:103CB000002809D02946204603F08AFA3D4870388A
:103CC000016F21F00101016770BD70B53F4D394CA6
:103CD0002946204602F06EF8002810D029462046DA
:103CE00002F041F80021204601F0D9FFBDE8704004
:103CF0003148012240F22661001F03F028BA70BD4E
:103D00007FB52E48AA21413814240170FF2141704B
:103D1000F1218170C4709DF8001001719DF80110AF
:103D200041719DF8041081719DF80510C1719DF8D5
:103D3000081001729DF8091041729DF80C108172F3
:103D40009DF80D10C1729DF8201001739DF821108F
:103D500041739DF8241081739DF82510C1739DF85F
:103D6000281001749DF8291041749DF82C1081745D
:103D70009DF82D10C1749DF8301001759DF831101B
:103D800041759DF83410817500229DF83510C1757C
:103D9000182513461146241D06E0465C491C324492
:103DA000D2B21344DBB2C9B28C42F6D842556D1C74
:103DB00043557FBD70600240044C0040F710002066
:103DC000000802402000002000803D1020800020DC
:103DD0007FB50D4604460121202002F0BCFA6D1E7D
:103DE000641EADF8005001940024104DADF802405F
:103DF000ADF808406946284602F0F4FB012211465E
:103E0000284602F078FF0121284602F063FC3720A3
:103E10008DF80C008DF80D4001208DF80E008DF806
:103E20000F0003A801F027FE7FBD00000014004032
:103E3000F0B50E4607468BB00121042002F08BFA44
:103E40000121082002F069FAF74D02220C212846D0
:103E500002F0D4F802220D21284602F0CFF8022207
:103E60000E21284602F0CAF802220F21284602F04D
:103E7000C5F84FF47040059002208DF8180000241A
:103E80008DF81A408DF81B0003208DF8190005A944
:103E9000284602F03FF8761EE44D7F1EADF81C6008
:103EA0000897ADF82440ADF81E4007A9284602F057
:103EB00099FB6020ADF800000120ADF802000294EB
:103EC000ADF80E406946284602F00EFC69462846C9
:103ED00002F036FC6946284602F06EFC6946284628
:103EE00002F0A4FC0821284602F03FFD08212846E4
:103EF00002F041FD0821284602F047FD082128462E
:103F000002F049FD0121284602F0CAFB01212846A2
:103F100002F0E0FB0BB0F0BDF0B50E4607468BB0EB
:103F20000121022002F021FA0121042002F0F5F91A
:103F3000BF4D03220621284602F060F80322072124
:103F4000284602F05BF803220821284602F056F8C2
:103F500003220921284602F051F84FF470700590B1
:103F600002208DF8180000248DF81A408DF81B00EF
:103F700003208DF8190005A9284601F0CBFF761E15
:103F8000AC4D7F1EADF81C600897ADF82440ADF82D
:103F90001E4007A9284602F025FB6020ADF800006E
:103FA0000120ADF802000294ADF80C4069462846A5
:103FB00002F09AFB6946284602F0C2FB6946284691
:103FC00002F0FAFB6946284602F030FC012128463F
:103FD00002F072FE0821284602F0C7FC082128469C
:103FE00002F0C9FC0821284602F0CFFC082128462F
:103FF00002F0D1FC0121284602F052FB01212846A3
:1040000002F068FB86E710EE100A8B4910B5884273
:1040100002DB9FED8A0A06E010EE100A884988420A
:1040200001DCB1EE040A10EE100A03F024FA9FED51
:10403000851B53EC112B03F093F99FED841B53EC7C
:10404000112B03F0E6F803F0FDF9784980B2343122
:10405000086010BD10EE100A774910B5884202DBE7
:104060009FED760A06E010EE100A7549884201DCE1
:10407000B1EE040A10EE100A03F0FDF99FED711B7A
:1040800053EC112B03F06CF99FED701B53EC112BCB
:1040900003F0BFF803F0D6F9644980B23831086004
:1040A00010BD10EE100A644910B5884202DB9FED86
:1040B000630A06E010EE100A6149884201DCB1EEA5
:1040C000040A10EE100A03F0D6F99FED5E1B53ECC4
:1040D000112B03F045F99FED5D1B53EC112B03F001
:1040E00098F803F0AFF9514980B23C31086010BD37
:1040F00010EE100A504910B5884202DB9FED4F0ABE
:1041000006E010EE100A4E49884201DCB1EE040AC6
:1041100010EE100A03F0AFF99FED4A1B53EC112B80
:1041200003F01EF99FED491B53EC112B03F071F8BE
:1041300003F088F93D4980B24031086010BD10EEAF
:10414000100A3D4910B5884202DB9FED3C0A06E0AB
:1041500010EE100A3A49884201DCB1EE040A10EE72
:10416000100A03F088F99FED371B53EC112B03F075
:10417000F7F89FED361B53EC112B03F04AF803F0D0
:1041800061F92C4980B23431086010BD10EE100A7C
:10419000294910B5884202DB9FED280A06E010EE9F
:1041A000100A2749884201DCB1EE040A10EE100A19
:1041B00003F061F99FED231B53EC112B03F0D0F8B2
:1041C0009FED221B53EC112B03F023F803F03AF977
:1041D000184980B23831086010BD10EE100A164937
:1041E00010B5884202DB9FED150A06E010EE100ABA
:1041F0001349884201DCB1EE040A10EE100A03F004
:104200003AF99FED101B53EC112B03F0A9F89FED29
:104210000F1B53EC112B02F0FCFF03F013F90549BF
:1042200080B23C31086010BD000C02400008004024
:10423000000802400004014000005C4300005C43B1
:104240000000A0409A99999999991D40000000009A
:1042500000407F4010EE100A264910B5884202DB6C
:104260001FED0A0A06E010EE100A2349884201DC1D
:10427000B1EE040A10EE100A03F0FDF81FED0F1B5B
:1042800053EC112B03F06CF81FED101B53EC112BAA
:1042900002F0BFFF03F0D6F8184980B2086010BDE5
:1042A000174810B590ED000A1648D0ED000A30EE20
:1042B000200AFFF7A8FE144890ED000A1348D0ED3D
:1042C000000A30EE200AFFF7C5FE114890ED000A03
:1042D0001048D0ED000A30EE200AFFF7E2FE0E484B
:1042E00090ED000A0D48D0ED000ABDE8104030EE18
:1042F000200AFDE600005C430000A04040040140AD
:104300003C0000205C0000204000002060000020F5
:1043100044000020640000204800002068000020C5
:104320002DE9F0418846054601218AB0080402F0D3
:104330001CF80121102001F0F0FFFB4E304602F086
:10434000C3F86020022103908DF8101003208DF82F
:10435000110000248DF81240F44F8DF8131003A9BA
:10436000384601F0D7FD03220521384601F046FE0C
:1043700003220621384601F041FEADF8148006956F
:10438000ADF81C40ADF8164005A9304602F02AF9F8
:104390000125ADF80240ADF80450ADF80640ADF887
:1043A0000840ADF800406946304602F0D5FB0420D5
:1043B000ADF800006946304602F0CEFB18208DF8BB
:1043C00020008DF821408DF822408DF8235008A858
:1043D00001F051FB01220721304602F08CFC012143
:1043E000304602F077F90AB0BDE8F0812DE9F34FCD
:1043F0008346012189B0084601F0ADFF012102206A
:1044000001F08BFF0121084601F087FF4FF0804A41
:10441000504602F059F802258DF8045003268DF815
:1044200005600024DFF808934FF004088DF806407B
:10443000CDF800808DF807506946484601F06AFDC6
:104440008DF804508DF8056008278DF80640009718
:104450008DF807506946484601F05CFD8DF8045020
:1044600020208DF8056000908DF806408DF80750EB
:104470006946484601F04EFD8DF804508DF8056000
:104480008DF806408DF80750AA4D009769462846DA
:1044900001F040FD01220221484601F0AFFD01225A
:1044A0000321484601F0AAFD01220521484601F0FA
:1044B000A5FD01220321284601F0A0FD0A98ADF8D0
:1044C0001400CDF818B0ADF81C40ADF8164005A9A1
:1044D000504602F087F80125ADF80A40ADF80C50BF
:1044E000ADF80E40ADF81040ADF8084002A95046B6
:1044F00002F032FBADF8088002A9504602F02CFB16
:10450000ADF8087002A9504602F026FB0C20ADF869
:10451000080002A9504602F01FFB1C208DF8200065
:104520008DF821408DF822408DF8235008A801F025
:10453000A2FA01221F21504602F0DDFB0121504664
:1045400002F0C8F80BB0BDE8F08F2DE9FC41012165
:10455000102001F0E2FE01248DF804400025DFF870
:10456000CC814FF480578DF80650032600978DF8C4
:1045700005606946404601F0CDFC3946404601F0F1
:1045800030FD0121102001F0C8FE8DF804406703C2
:104590008DF8065000978DF805606946404601F099
:1045A000B9FC3946404601F01CFD0121022001F012
:1045B000B4FE8DF804405F4F8DF8065000948DF8DE
:1045C00005606946384601F0A5FC0121384601F036
:1045D00008FD0121082001F0A0FE02208DF8044012
:1045E000554F00908DF806508DF8056069463846A5
:1045F00001F090FC0221384601F0F3FC0121082073
:1046000001F08BFE04208DF8044000908DF80650D8
:104610008DF805606946384601F07CFC0421384677
:1046200001F0DFFC0121082001F077FE08208DF861
:10463000044000908DF806508DF8056069463846B4
:1046400001F068FC0821384601F0CBFC4FF6FF74FE
:1046500053212046FFF7CAFEA7212046FFF760FE40
:10466000BDE8FC812DE9F047DFF8D090364EDFF849
:10467000DC804FF0FF372DED048B4FF000044FF03E
:10468000804599F80000DFED2E8A9FED2E8A9FED80
:10469000309A000677D40121284602F040FB88B109
:1046A00099F8000042060DD5820708D589F8004028
:1046B0000021284602F0D9F9C9F8087002E0401C30
:1046C00089F800000821284602F029FB50B3082190
:1046D000284602F030FB99F80000400628466CD5C9
:1046E00002F0CCFA81B2A9F80410B9F802208A1AB3
:1046F00099F8001001F03F01C1EB0141114400EEB7
:10470000101AC9F80810B8EE400A60EE280A80EEC8
:10471000880A10EE101A89ED030AB1421ADAB2EED5
:10472000040A1DE02FE0000000400140001002409C
:104730000000024000040240000C024094010020EE
:104740000000AA430000FA440000204100601F4519
:1047500000601F4510EE101A414501DDB0EE490A18
:1047600089ED030ABDEEC00A052210EE100A01B25F
:10477000FE4800F050FF89ED030A89F8004000214F
:10478000284602F072F9DFF8E89399F80000000675
:104790006FD40121284602F0C2FAF0B199F8000066
:1047A00042061AD5820715D589F80040002128460F
:1047B00002F06FF9C9F808700FE002F05FFA0146E5
:1047C000A9F8021099F8001041F0400189F8001092
:1047D0000221D5E7401C89F800001021284602F08C
:1047E0009EFAE8B31021284602F0A5FA99F80000D5
:1047F0004006284659D502F043FA81B2A9F80410C0
:10480000B9F802208A1A99F8001001F03F01C1EBB3
:104810000141114400EE101AC9F80810B8EE400A20
:1048200060EE280A80EE880A10EE101A89ED030A5D
:10483000B14202DAB2EE040A05E010EE101A414568
:1048400001DDB0EE490A89ED030ABDEEC00A05227A
:1048500010EE100A01B2C548683000F0DCFE00E03E
:1048600007E089ED030A89F800400021284602F09C
:1048700010F9DFF8FC9209F1200999F80000000610
:104880006FD40121284602F04AFAF0B199F80000ED
:1048900042061AD5820715D589F80040002128461E
:1048A00002F0C3F8C9F808700FE002F0E9F9014618
:1048B000A9F8021099F8001041F0400189F80010A1
:1048C0000221D3E7401C89F800000221284602F0AB
:1048D00026FAE8B30221284602F02DFA99F80000E2
:1048E0004006284659D502F0C5F981B2A9F804104E
:1048F000B9F802208A1A99F8001001F03F01C1EBC3
:104900000141114400EE101AC9F80810B8EE400A2F
:1049100060EE280A80EE880A10EE101A89ED030A6C
:10492000B14202DAB2EE040A05E010EE101A414577
:1049300001DDB0EE490A89ED030ABDEEC00A052289
:1049400010EE100A01B28948D03000F064FE00E099
:1049500007E089ED030A89F800400021284602F0AB
:1049600064F8DFF80C9209F1400999F8000000069C
:104970006AD40121284602F0D2F9F0B199F800007A
:1049800042061AD5820715D589F80040002128462D
:1049900002F057F8C9F808700FE002F06BF9014611
:1049A000A9F8021099F8001041F0400189F80010B0
:1049B0000221D3E7401C89F800000421284602F0B8
:1049C000AEF9E8B30421284602F0B5F999F80000E1
:1049D0004F46400628463FD502F04EF980B2B880D7
:1049E0007988411A387800F03F00C0EB0040084455
:1049F00000EE100AB860B8EE400A60EE280A80EEB9
:104A0000880A10EE100A87ED030AB04202DAB2EE0D
:104A1000040A05E010EE100A404501DDB0EE490A37
:104A200087ED030ABDEEC00A052210EE100A01B29E
:104A3000504800F0F0FD87ED030A3C70002100E0D3
:104A400002E0284601F0FDFFBDEC048B28461F2143
:104A5000BDE8F04702F06FB902F00EF978803878BF
:104A6000022140F040003870E9E72DE9F047404D61
:104A70004FF0FF372DED048B6035287800061FEDD1
:104A8000D09A1FEDD08ADFF8F080DFF8F0905FED6C
:104A9000D08A3B4E4FF0000458D40121304602F03A
:104AA0003EF968B1287841060AD5810706D52C70F1
:104AB0000021304601F0B9FFAF6001E0401C2870D2
:104AC0000221304602F02BF9E8B30221304602F011
:104AD00032F92878400630465BD502F0CBF880B238
:104AE000A8806988411A287800F03F00C0EB004098
:104AF000084400EE100AA860B8EE400A60EE090A09
:104B000080EE880A10EE100A85ED030A404502DAAD
:104B1000B3EE0E0A05E010EE100A484501DDB0EED6
:104B2000680A85ED030ABDEEC00A052210EE100AE0
:104B300001B20E48D03800F06EFD85ED030A2C70EE
:104B40000021304600E001E001F06FFF084D8035A4
:104B5000287800066BD40121304602F0E0F818B343
:104B60002878410620D581071CD50BE0D8110020FC
:104B7000B4010020101300200000F04100601F4528
:104B8000004001402C700021304601F05AFFAF6018
:104B90000AE002F06FF868802878022140F04000B7
:104BA0002870CEE7401C28700421304602F0B7F888
:104BB000E8B30421304602F0BEF8287840063046BB
:104BC0003DD502F059F880B2A8806988411A28784A
:104BD00000F03F00C0EB0040084400EE100AA8605F
:104BE000B8EE400A60EE090A80EE880A10EE100A5C
:104BF00085ED030A404502DAB3EE0E0A05E010EE39
:104C0000100A484501DDB0EE680A85ED030ABDEEE5
:104C1000C00A052210EE100A01B22C4800F0FBFC7D
:104C200085ED030A2C700021304601F00AFFBDEC2F
:104C3000048B30460721BDE8F04702F07CB802F053
:104C40001BF868802878022140F040002870EBE7CC
:104C5000002204E00021491C2829FCD3521C824276
:104C6000F8D3704730B51A4D0123C5F8B0323C2057
:104C700005F52C75FFF7ECFF00242C606B603C20E1
:104C8000FFF7E6FF6C60134DC5F880323C2005F558
:104C90002075FFF7DDFF2C600F4DC5F884323C20F6
:104CA00005F52175FFF7D4FF2C606B603C20FFF702
:104CB000CFFF6C60AB603C20FFF7CAFFAC6030BD3B
:104CC00090ED030A80ED040A704700007011002087
:104CD0000000424200804042008041422DE9F04104
:104CE0008846054601218AB0084601F03EFB0121B5
:104CF000084601F012FBDE4F01220821384601F080
:104D00007DF901220921384601F078F901220A21B2
:104D1000384601F073F901220B21384601F06EF993
:104D20004FF47060059002208DF8180000248DF873
:104D30001A4001268DF81B6003208DF8190005A983
:104D4000384601F0E7F86D1EA8F101000895ADF8AE
:104D50001C00C84DADF82440ADF81E4007A92846F8
:104D600001F040FC6020ADF80000ADF80C40ADF85B
:104D70000260ADF81240ADF80440ADF80E4069464F
:104D80002846029401F0B0FC6946284601F0D8FCA0
:104D90006946284601F010FD6946284601F046FDA7
:104DA0000821284601F0E1FD0821284601F0E3FD35
:104DB0000821284601F0E9FD0821284601F0EBFD15
:104DC0000121284601F06CFC0121284601F074FF06
:104DD0000121284601F07EFC4FF47A6421462846E2
:104DE00001F09BFD2146284601F099FD2146284609
:104DF00001F097FD2146284601F095FD0AB0BDE877
:104E0000F0812DE9FC5F0121102001F086FA0121DB
:104E1000084601F082FA0121022001F07EFA012108
:104E2000082001F07AFA0121042001F076FA012429
:104E30008DF8044000208DF8060003208DF8050051
:104E4000650269468C48009501F064F8E6036946FE
:104E50008748009601F05EF8A702694687480097E8
:104E600001F058F8DFF818A24FF400686946504680
:104E7000CDF8008001F04EF81020009069467F4880
:104E800001F048F82020009069467C4801F042F883
:104E9000DFF8F0B14FF4805969465846CDF80090DC
:104EA00001F038F869465046009401F033F80221C9
:104EB0004FF4E150FFF712FF29466F4801F08FF8D9
:104EC00031466B4801F08DF839466C4801F087F89F
:104ED0004146504601F085F81021684801F07FF8FE
:104EE0002021664801F07DF84946584601F077F8E0
:104EF0000121504601F075F8BDE8FC9F002800DA5A
:104F00004042704730B560480021012390ED000A0F
:104F10005E48694C694DD0ED000A5D48554A30EE57
:104F2000200AD0ED000A5B4870EE201A90ED000ACE
:104F30005948D0ED000A594830EE200AD0ED000A59
:104F4000574830EE201A90ED000A5648B5EEC01AC8
:104F5000D0ED000A544830EE200AD0ED000A534844
:104F600070EE200A90ED000A514890ED002A514859
:104F700030EE020A90ED002A30EE020AF1EE10FA4D
:104F800008DBBCEEC12A12EE100A5063C4F8BC3232
:104F9000C5F8A412B5EEC01AF1EE10FA0AD2BDEEB1
:104FA000C11A11EE100AFFF7A9FF5063C4F8BC1232
:104FB000C5F8A432F5EEC00A414CF1EE10FA08DB58
:104FC000BCEEE01A11EE100A9063C4F89032C4F8F7
:104FD0009412F5EEC00AF1EE10FA0AD2FDEEE00AE4
:104FE00010EE900AFFF78AFF9063C4F89012C4F89D
:104FF0009432F5EEC01A334DF1EE10FA08DBFCEEF8
:10500000E10A10EE900AD063C5F8AC12C4F8A832D9
:10501000F5EEC01AF1EE10FA0AD2FDEEE10A10EE3A
:10502000900AFFF76BFFD063C5F8AC32C4F8A81242
:10503000B5EEC00A244CF1EE10FA08DBFCEEC00A13
:1050400010EE900A1064C4F8B012C5F88032B5EEC4
:10505000C00AF1EE10FA0AD2BDEEC00A10EE100A34
:10506000FFF74CFF1064C4F8B032C5F8801230BDB1
:105070000000024000000140001002400004024015
:10508000000C0240000802404C0000207C00002080
:105090008C000020500000208000002090000020A4
:1050A00054000020840000209400002058000020BC
:1050B000880000209800002000004042000042428A
:1050C000008040420080414200004142F0B50D4660
:1050D000064689B00121022001F03DF90121084670
:1050E00001F01BF9BC4F02220621384600F086FF72
:1050F00002220721384600F081FFC02003900220E1
:105100008DF8100000248DF8124001208DF8130056
:1051100003A9384600F0FEFE6D1EADF80050ADF854
:105120000240ADF80840AD4C761E01966946204617
:1051300001F058FA00231A460321204601F075FEBB
:1051400005A801F05BFD0621ADF81C1005A920465D
:1051500001F002FD0121204601F0DEFD0122114691
:10516000204601F0C8FD0021204601F07DFA012112
:10517000204601F0AFFA09B0F0BDF0B50D46064685
:1051800089B00121082001F0E6F80121084601F06C
:10519000C4F8914F02220021384600F02FFF02226E
:1051A0000121384600F02AFF0320039002208DF8E9
:1051B000100000248DF8124001208DF8130003A97F
:1051C000384600F0A7FE6D1EADF80050ADF8024065
:1051D000ADF80840824C761E01966946204601F0E3
:1051E00001FA02231A460321204601F01EFE05A8FB
:1051F00001F004FD0621ADF81C1005A9204601F0C0
:10520000ABFC0121204601F087FD0122114620461A
:1052100001F071FD0021204601F026FA012120460F
:1052200001F058FAA7E76E49243108686B4A00B2CA
:1052300000EE100A6B482432B8EEC00A80ED000A76
:1052400013681BB200EE903AF8EEE00AC0ED010AD6
:105250009FED651A60EE011AB2EE040A61EE802A33
:10526000DFED621A60EE810A82EEA12A20EE800A4A
:10527000D0ED042AC0EE210A32EE222A80ED042A63
:1052800090ED050A30EE800A80ED050A00200860E6
:105290001060704770B5DFED560A437800EB830469
:1052A0005B1C437084ED030A0578E5B3514C90ED27
:1052B000030A012384ED010A84ED000A16E000EBE5
:1052C000830694ED001A96ED030AB4EEC10AF1EEDE
:1052D00010FA01DD84ED000A94ED011AB4EEC10A62
:1052E000F1EE10FA01D284ED010A5B1C8B42E6D389
:1052F000002306E000EB83065B1C96ED030A70EECC
:10530000200A8B42F6D394ED000A94ED011A8B1E0D
:1053100030EE010A70EEC00A00EE103AB8EEC01A84
:1053200080EE810A00E00EE080ED010A012D0FD130
:1053300010EE103A304CA34206DA82ED000A90EDEE
:10534000010A80ED020A03E090ED020A82ED000AF4
:1053500042788A4203D1012101700021417070BD61
:1053600000B5B0EE403AFFF75EFF1E489FED1F1AF2
:10537000DFED1D1AD0ED000A00F10802052180EED4
:10538000810AD0ED040A20EE212AB2EE040A42EE90
:10539000000AC0ED040A90ED012AF1EE600AC2EEA7
:1053A000012A90ED051A62EEA11A01EE801A80EE34
:1053B000830A80ED051AF1EE410A1830C0EE831A17
:1053C000FFF768FF074AB0EE610A0C32052102F1CF
:1053D00040005DF804EB5DE700000240000400407F
:1053E000000C004078130020C3F5484000004645FB
:1053F000000000006C02002000409C452DE9F041B7
:1054000005462DED028B984614460E46500002F0DC
:10541000E5FE00EE106A95F86410B8EEC00A05EBE0
:105420008102491C85F8641082ED000A95F8641029
:10543000A14202D3002185F8641000210BE005EBA6
:10544000810292ED000ABDEEC00A10EE102A20F88B
:105450001120491CC9B2A142F1D30022A4F1010CD0
:1054600014E00021A71A7F1E0CE000EB410630F982
:105470001150B6F902309D4202DD20F811307580DE
:10548000491CC9B28F42F0DC521CD2B26245E8DB43
:1054900030F9181000EE101AB8EEC08A02F076FE4D
:1054A000B0EE480ABDEC028BBDE8F08110B5DFED2F
:1054B000F70A90F86430002200EB83045B1C80F84C
:1054C000643084ED000A90F864308B420BD30023E3
:1054D00080F8643007E000EB8203521C93ED000A71
:1054E000D2B270EE200A8A42F5D300EE101AB8EE5E
:1054F000401A80EE810A10BD10B5DFEDE40A90F885
:105500009031002200EB83045B1C80F8903184ED25
:10551000000A90F890318B420BD3002380F8903131
:1055200007E000EB8203521C93ED000AD2B270EE4A
:10553000200A8A42F5D300EE101AB8EE401A80EE27
:10554000810A10BD10B5DFEDD10A00EE101A90F8F7
:105550006410B8EEC00A00EB8103491C80F86410A7
:1055600083ED000A90F86410914202D3002180F884
:10557000641090ED000AC64BBDEEC00A10EE101A82
:1055800059801980012125E000EB810494ED000A87
:10559000B3F9004001EE104AB8EEC11AB4EEC10AE8
:1055A000F1EE10FA04DDBDEEC01A11EE104A1C80B7
:1055B000B3F9024001EE104AB8EEC11AB4EEC10AC6
:1055C000F1EE10FA04D2BDEEC00A10EE104A5C8073
:1055D000491CC9B29142D7D3002107E000EB8104F6
:1055E000491C94ED000AC9B270EE200A9142F5D32D
:1055F000B3F90000B3F90210921E084400EE100A3D
:10560000B8EEC00A70EEC00A00EE102AB8EEC01A5A
:1056100080EE810A10BD10B59FED9C0A00EE901A35
:1056200090F86410F8EEE00A00EB8103491C80F862
:105630006410C3ED000A90F86410914202D3002177
:1056400080F86410D0ED000A914BFDEEE00A10EEF8
:10565000901AD9809980012115E000EB8104D4EDE6
:10566000000AB3F9044001EE104AB8EEC11AF4EE94
:10567000C10AF1EE10FA04DDFDEEE00A10EE904AE8
:105680009C80491CC9B29142E7D3012120E000EB84
:105690008104D4ED000AB3F9064001EE104AB8EED9
:1056A000C11AF4EEC10AF1EE10FA0FDDB3F90440AD
:1056B00001EE104AB8EEC11AF4EEC10AF1EE10FA8A
:1056C00004D2FDEEE00A10EE904ADC80491CC9B21B
:1056D0009142DCD3002107E000EB8104491CD4EDAA
:1056E000000AC9B230EE800A9142F5D3B3F9040042
:1056F000B3F90610921E084400EE900AF8EEE00A94
:1057000070EE600A00EE102AB8EEC01A80EE810A30
:1057100010BD70B500249FED5D0A457800EB45068D
:105720006D1C4570F18005785DB925E000EB440102
:10573000641CB1F9061000EE901AF8EEE00A30EEA3
:10574000800A9442F2D300EE902A012DF8EE600A0E
:1057500080EE201ABDEEC10A10EE101A09B2418087
:105760000AD141F28834A14203DA1960418881806C
:1057700002E0B0F9041019604178914203D101218F
:1057800001700021417070BDF0B544789FED3F0A73
:1057900000EB4405641C4470E9800778F7B33C4E85
:1057A000C18871813181012112E000EB4104B6F81A
:1057B00008C0B4F90650654503DDB4F806C0A6F884
:1057C00008C0B6F80AC0654501DAE4887481491C4E
:1057D0009142EAD300210AE000EB4104491CB4F9EC
:1057E000064000EE904AF8EEE00A30EE800A914260
:1057F000F2D331897489214400EE901A911EF8EE9B
:10580000600A30EE600A00EE901AF8EEE00A80EED0
:10581000201ABDEEC10A10EE101A00E00AE009B22B
:105820004180012F09D141F28834A14203DA198065
:105830004188818001E0818819804178914203D1BB
:105840000121017000214170F0BD1148DFED110A06
:105850009FED111AD0ED041A71EEA00A70EE811AB4
:1058600080EEA11AD0ED031A30EE612AB0EE610A83
:10587000F7EE001A01EE020A31EEC11A61EE200ABB
:1058800080ED030AC0ED040A70470000000000002C
:1058900074020020A69B443B0AD7233C70B5012824
:1058A0002DED028B0ED0022811D0032826D004281B
:1058B00029D005282FD006281DD1234D234C95ED46
:1058C000038A2CE0224C234D94ED038A03E0224C02
:1058D000224D94ED038AD5ED008A38EE680A10EE69
:1058E000100A01F0C8FD41EC100B01F087FC5028B4
:1058F0000EDDC4ED038ABDEC028B70BD184D194C52
:1059000095ED038A0BE0184C184D94ED038AE2E7FD
:1059100085ED008AEFE7164D164C95ED038AD4ED20
:10592000008A38EE680A10EE100A01F0A4FD41EC7E
:10593000100B01F063FC502802DDC5ED038ADAE7A5
:1059400084ED008AD7E70000F401002068020020FF
:1059500014020020540200203402002058020020CB
:10596000940100205C020020B401002060020020AD
:10597000D4010020640200202DE9FC4101211C20FB
:1059800000F0CBFC012680208DF804600024DFF8B5
:10599000AC8000908DF8064003258DF805506946CF
:1059A000404600F0B7FA8021404600F01AFB37026B
:1059B00069464046009700F0ADFA8DF804608DF816
:1059C00006408DF805503946404600F00AFB8DF838
:1059D0000460B7038DF8064000978DF805506946BE
:1059E000404600F097FA3946404600F0FAFAF003D4
:1059F0008DF8044000908DF807408DF805506946F9
:105A0000404600F087FA70028DF8044000908DF84F
:105A100007408DF805506946094800F07BFAF0020E
:105A20008DF8044000908DF807408DF805506946C8
:105A3000044800F06FFABDE8FC810000001002404D
:105A4000000C024000080240064880470648004714
:105A5000FEE7FEE7FEE7FEE7FEE7FEE7FEE7FEE71E
:105A6000FEE7FEE7071300088901000828490843FC
:105A700028490860704730B50F23C27801780125A6
:105A8000FAB1244A126801F1E02102F4E062C2F5A1
:105A9000E062C2F30722C2F10404D3404278A2407C
:105AA00084781C401443220181F80024007800F01F
:105AB0001F018D404009800000F1E020C0F8005136
:105AC00030BD01F01F0085404809800000F1E02052
:105AD000C0F8805130BD104A114001430D48001FED
:105AE000016070470B4A121D0029116801D0014363
:105AF00000E08143116070474FF0E02104280869FD
:105B000003D020F004000861704740F00400FAE779
:105B10000000FA050CED00E080FFFF1F2DE9F043C7
:105B2000016821F001010160002101604160816094
:105B3000C160016121214161B849B84A3D25103950
:105B4000904202D18D60BDE8F083B44A4FF4746690
:105B50001832904201D18E60F5E7B04A4FF47417C5
:105B60003032904201D18F60EDE7AC4A4FF0746C57
:105B70004832904202D1C1F808C0E4E7A74BA84AD6
:105B80006033984201D1CA60DDE7A44CA54B78345C
:105B9000A04201D1CB60D6E7DFF88082A24C08F1A9
:105BA0009008404501D1CC60CDE7DFF870824FF01E
:105BB0003D5908F1A808404502D1C1F80C90C2E750
:105BC0009A49DFF868820839404501D10D60BAE78B
:105BD000964D1835A84201D10E60B4E7934D30358B
:105BE000A84201D10F60AEE7904D4835A84202D1DE
:105BF000C1F800C0A7E78D4D8C496035091FA84248
:105C000001D10A609FE7894A7832904201D10B6046
:105C100099E7864A9032904201D10C6093E7834A1B
:105C2000A83290428FD1C1F800908CE730B503685C
:105C30007F4ACC6813400A682243D1E905452C43CA
:105C40002243CC6922430C6A22434C6A22438C6A69
:105C500022434C6B22438C6B22431A4302604269FD
:105C600022F00703D1E90B2422431A4342610A6957
:105C700042604A6882608968C16030BD002101606D
:105C800041608160C160016141618161C161016206
:105C900041628162C162016341638163704700298F
:105CA000016802D041F0010101E021F00101016031
:105CB00070470029016802D041F4004101E021F45D
:105CC0000041016070470029016802D041F02001C5
:105CD00001E021F020010160704741607047406899
:105CE00080B27047002A026802D042F4002201E02C
:105CF00022F400220260016170470029016802D08D
:105D000041F4802101E021F48021016070470AB153
:105D100001617047C16070470146002009680903AE
:105D200000D501207047014600200968C90700D04E
:105D300001207047406900F03800704702463B4B35
:105D400000209A4202D2354A103A01E0374A103A0E
:105D50008B0001D5526800E01268364B1A400A42A7
:105D600000D001207047314A904202D22B481038AF
:105D700001E02E4810382F4A8B0001EA020101D5BC
:105D8000C1607047816070470B0607D5436912B147
:105D900043F0800301E023F080034361802908D0B1
:105DA000002A026801F01E0101D00A4300E08A4384
:105DB0000260704730B51D4A0024904202D2174A53
:105DC000103A01E0194A103A1B4B194205D01E2324
:105DD00003EAD12503682B4002E0406900F080030C
:105DE000880001D5506800E01068124A104008424F
:105DF00001D003B10124204630BD0C4A904202D2AA
:105E00000648103801E0094810380A4A8B0001EAB8
:105E1000020101D5C1607047816070471060024087
:105E20003D000020400F002000003D201064024093
:105E30003F801CF07D0F7D0F3C0F3C0F774910B564
:105E4000884206D10121084600F099FA002101207C
:105E50005BE07349884206D10121022000F08FFAED
:105E60000021022051E06F49884206D1012104201F
:105E700000F085FA0021042047E06B49884206D1F2
:105E80000121082000F07BFA002108203DE067494D
:105E9000884206D10121102000F071FA0021102063
:105EA00033E06349884206D10121202000F067FADF
:105EB0000021202029E05F49884206D101214020AD
:105EC00000F05DFA002140201FE05B49884206D1C6
:105ED0000121802000F053FA0021802015E057496D
:105EE000884202D1012184150AE05549884202D135
:105EF0000121441504E0534988420AD101210415C7
:105F0000204600F03CFA00212046BDE8104000F099
:105F100036BA10BDF0B5002201274FF0030C0B6814
:105F200007FA02F52B40AB422CD1066853000CFA5D
:105F300003F4A64306600E79D0F800E09E4046EADE
:105F40000E0606600E79012E01D0022E12D186684F
:105F5000A64386604E79D0F808E09E4046EA0E06D9
:105F600086604668AE43466045688E799640B6B214
:105F700035434560C568A543C560CC799C40C3687E
:105F80001C43C460521C102AC9D3F0BD4FF6FF71E8
:105F900001600021017141718171C171704708B5C3
:105FA00041F480320092C261C1610099C161C1694E
:105FB000C069009008BD0246002012690A4200D064
:105FC00001207047006980B2704702460020526984
:105FD0000A4200D001207047406980B270470183B7
:105FE0007047418370470AB101837047418370470E
:105FF0004161704742694A40426170474B07DB0E7E
:106000009A40C90810B500EB8100016A0F249C403A
:10601000A1430162016A1143016210BD0000024008
:106020000004024000080240000C02400010024040
:106030000014024000180240001C024000200240F0
:106040000024024000280240F848016841F00101A4
:106050000160F64A0021083211600268F44B1A40D0
:106060000260031DF34A1A60F04BF34A84331A604E
:10607000F04A103A1B1D1A60026822F48022026066
:10608000EA480C300160181D01607047E7490022A2
:10609000891C0A70087070470246002051090129C6
:1060A0000CD002290CD0E1497431096802F01F02BA
:1060B000012393400B4200D001207047DB49F4E7F5
:1060C000DA497031F1E718B500204FF4A044009090
:1060D0003120FFF7E1FF0099491C0091A14201D056
:1060E0000028F5D03120FFF7D7FF002800D001208D
:1060F00018BDCE4A116821F0F80141EAC0001060D5
:106100007047CE4908607047C849002270310A7054
:106110000A70012802D0042801D1052008707047B8
:10612000C7490860704741EA82115A0810B5C54B4B
:10613000029C03EB02421143014341EA0460BB4964
:10614000091D086010BDBD4908667047800140EA1E
:106150000170B649843108607047B8498866704755
:10616000800140EA0160B14940EA0270883108606C
:106170007047B24908677047B049C8647047AB4B75
:1061800008331A68084322F0EC6210431860704725
:10619000A64B08331A68084322F07842104318606F
:1061A0007047A24A0832116821F0030101431160CF
:1061B00070479E480830006800F00C0070479B4A0A
:1061C0000832116821F0F001014311607047974ACD
:1061D0000832116821F4E051014311607047934A7D
:1061E0000832116821F4604141EAC0001060704734
:1061F00070B58E4B08331968934C11F00C0104D024
:106200006610042903D0082903D004601BE006604F
:1062100019E0864A121D1168C1F38055116801F01A
:106220003F0115B1B6FBF1F101E0B4FBF1F11468E7
:106230001268C4F388146143C2F30142521C520035
:10624000B1FBF2F1016019680F2202EA11117F4AD5
:10625000545C0168E14041601C68072505EA94240C
:10626000145D21FA04F484601B6805EA5333D25CA0
:10627000D140C16070BDC0F30121032908D16B4B2F
:1062800008331968724A21F4F81102400A431A606F
:10629000664970310A68C0F30B0002430A60704718
:1062A000674944390860704765494039086070475C
:1062B0006249C1F85C0170475C4A8C321168401E2B
:1062C00021F01F01014311607047584A8C32116858
:1062D0006FF0FF0321F4F85103EB00200843106036
:1062E0007047524A8C32116821F440110143116009
:1062F00070474E4A8C32116821F44001014311600D
:1063000070474A4A8C32116821F4403101431160D0
:1063100070475049C1F8E0017047444A30320029C3
:10632000116801D0014300E08143116070473F4A8A
:1063300034320029116801D0014300E0814311602B
:1063400070473A4A38320029116801D0014300E011
:10635000814311607047354A40320029116801D0ED
:10636000014300E0814311607047304A4432002904
:10637000116801D0014300E08143116070472B4A4E
:1063800010320029116801D0014300E081431160FF
:106390007047264A14320029116801D0014300E0F9
:1063A000814311607047214A18320029116801D0D9
:1063B000014300E08143116070471C4A20320029EC
:1063C000116801D0014300E0814311607047174A12
:1063D00024320029116801D0014300E0814311609B
:1063E0007047124A50320029116801D0014300E081
:1063F0008143116070470D4A54320029116801D061
:10640000014300E0814311607047084A5832002977
:10641000116801D0014300E0814311607047034AD5
:1064200060320029116817D0014316E0003802409D
:10643000FFFFF6EA10300024003000200000474241
:10644000800E47420000FFFF0024F4008802002075
:10645000FFFCFF0F00104742814311607047194A4B
:106460000029116801D0014300E0814311607047A9
:1064700014490C310128086803D020F00800086096
:10648000704740F00800FAE70E4A573A00291178A1
:1064900001D0014300E0814311707047094810307A
:1064A000016841F08071016070470146054A002093
:1064B000583A12680A4200D0012070470149563903
:1064C0000870704764380240FE4910B5884206D112
:1064D00001210846FFF77BFF002101205BE0B0F1BE
:1064E000804F09D0F84988420DD101210220FFF7E1
:1064F00064FF0021022070E001210846FFF75DFFE4
:106500000021012069E0F149884206D101210420DF
:10651000FFF753FF002104205FE0ED49884206D1D8
:1065200001210820FFF749FF0021082055E0E94933
:10653000884206D101211020FFF73FFF00211020E3
:106540004BE0E549884206D101212020FFF735FFC5
:106550000021202041E0E149884206D101210220AA
:10656000FFF735FF0021022015E0DD49884202D106
:1065700001210C040AE0DB49884202D101214C04CC
:1065800004E0D94988420AD101218C042046FFF752
:106590001EFF00212046BDE81040FFF718BFD34979
:1065A000884206D101214020FFF707FF002140204B
:1065B00013E0CF49884206D101218020FFF7FDFE7C
:1065C0000021802009E0CB4988420AD184150121AD
:1065D0002046FFF7F2FE00212046BDE81040FFF7FD
:1065E000ECBE10BD30B50288B64CBC4DA0420DD0FB
:1065F000A8420BD0B0F1804F08D0B34B984205D0E1
:10660000B24B984202D0B24B984203D122F07003B1
:106610004A881A43AF4B984206D0AF4B984203D0FA
:1066200022F440730A891A4302804A68C2620A88C7
:106630000285A04201D0A84201D1897A01860121B8
:10664000818230BD4FF0FF31416000210180018126
:10665000418081727047018582827047028822F0F2
:1066600070020A430280704741627047C1627047FE
:10667000406A7047008D70470029018802D041F0C0
:10668000020101E021F00201018070470029018828
:1066900002D041F0040101E021F0040101807047C3
:1066A0000029018802D041F0800101E021F0800141
:1066B00001807047028822F00802028002880A43A3
:1066C00002807047028822F44072028002880A43E6
:1066D000028070470029018802D041F0010101E0E9
:1066E00021F001010180704730B5028C22F00102D7
:1066F0000284028C8388048B22F0020224F073054A
:106700000C882C438D8915434A882A436D4DA84235
:1067100002D0724DA8420DD122F00805CA8923F497
:1067200040732A4322F004058A882A430D8A1D43B8
:106730004B8A2B438380048389684163028430BD84
:1067400070B5028C22F010020284028C8388048BC4
:106750000D8824F4E6464FF6FF7404EA0525354318
:106760008E8922F0200204EA061616434A8804EABB
:1067700002123243534EB04202D0584EB04215D1AD
:1067800022F08006CA8923F4406304EA02123243ED
:1067900022F040068A8804EA021232430E8A04EA92
:1067A00086061E434B8A04EA8303334383800583B2
:1067B00089688163028470BD70B5028C22F4807296
:1067C0000284028C8388848B0D8824F07304254313
:1067D0008E894FF6FF7422F4007204EA06261643EF
:1067E0004A8804EA02223243364EB04202D03B4E7F
:1067F000B04215D122F40066CA8923F4405304EA5A
:106800000222324322F480668A8804EA022232435A
:106810000E8A04EA06161E434B8A04EA0313334326
:10682000838085838968C163028470BD70B5028CE2
:1068300022F480520284058C8288838B0C8823F496
:10684000E6464FF6FF7303EA0424344325F400566A
:106850008D8903EA053535434E8803EA06362E4313
:10686000184DA84202D01D4DA84205D122F4804502
:106870000A8A03EA82122A43828084838968016437
:10688000068470BD0021018041808180816081810A
:10689000C18101824182704730B50124058C00F12D
:1068A00018038C40A543058431B308292CD0091F57
:1068B000C1F34E001844016848F6FF7319400160A7
:1068C00001681AE000000140000400400008004098
:1068D000000C004000100040001400400004014083
:1068E00000400140004401400048014000180040C1
:1068F000001C00400020004006E04FF6FF7303EA52
:1069000002221143016030BD03EB510001684FF6D4
:106910008F73194001600168F3E741637047816339
:106920007047C163704701647047028B22F07002A8
:106930000A4302837047028B4FF6FF7322F4E04252
:1069400003EA0121114301837047828B22F0700218
:106950000A4382837047828B4FF6FF7322F4E04232
:1069600003EA0121114381837047028B22F0080260
:106970000A4302837047028B4FF6FF7322F40062D2
:1069800003EA0121114301837047828B22F0080240
:106990000A4382837047828B4FF6FF7322F40062B2
:1069A00003EA0121114381837047028B22F0040224
:1069B0000A4302837047028B4FF6FF7322F4806212
:1069C00003EA0121114301837047828B22F0040204
:1069D0000A4382837047828B4FF6FF7322F48062F2
:1069E00003EA0121114381837047028B22F0800268
:1069F0000A4302837047028B4FF6FF73C2F30E0205
:106A000003EA0121114301837047828B22F0800247
:106A10000A4382837047828B4FF6FF73C2F30E02E4
:106A200003EA0121114381837047028C22F00202A4
:106A30000A4302847047028C22F008020A4302844F
:106A40007047028C4FF6FF7322F0200203EA011117
:106A5000114301847047028C4FF6FF7322F08002CD
:106A600003EA0111114301847047028C4FF6FF7352
:106A700022F4007203EA0121114301847047028C61
:106A80004FF6FF7322F4006203EA012111430184EF
:106A90007047028C4FF6FF7322F4005203EA013173
:106AA00011430184704710B50123048C8B409C4333
:106AB0000484038C8A401343038410BD10B504235F
:106AC000048C8B409C430484038C8A4013430384CE
:106AD00010BD828B22F440628283828B4FF6FF735B
:106AE00003EA01210A4382837047828B22F00C0261
:106AF0008283828B0A4382837047028B22F4406236
:106B00000283028B4FF6FF7303EA01210A430283DB
:106B10007047F0B5048C24F010040484078B068CB5
:106B20004FF6FF7404EA011527F4734704EA0331B2
:106B3000394304EA02220A4326F0A001294341F026
:106B4000100102830184F0BD028B22F00C0202834B
:106B5000028B0A43028370472DE9F0410C460E88F0
:106B60004988A288238905460EB3042E26D0082E14
:106B70002E8C4FF6FF7028D026F480562E84AF8BD3
:106B80002E8C00EA022200EA013127F473473A43CF
:106B900000EA0330104326F420420A4342F48051B5
:106BA000A8832984E1882846BDE8F04191E700F0F8
:106BB00062F9E1882846BDE8F041C5E7FFF7A9FF83
:106BC000E1882846BDE8F04197E726F480762E84D8
:106BD000AF8B2E8C00EA012100EA0310104327F04E
:106BE000F307384326F420620A4342F48071A883F5
:106BF0002984E1882846BDE8F04176E7002101803C
:106C0000418001228280C180018170472DE9F041DD
:106C10000C46002649880746012501B90226A288AC
:106C2000012A00D10225208823890028384610D067
:106C3000FFF76FFFE1883846FFF75FFF23892A4699
:106C40003146384600F017F9E1883846BDE8F04192
:106C50007AE700F010F9E1883846FFF775FF2389DD
:106C60002A4631463846FFF754FFE1883846BDE8EA
:106C7000F04142E7406B7047806B7047C06B7047D4
:106C8000006C704710B50A884B88CC881A438B88F3
:106C900023431A430B891A434B8989891A430A43B0
:106CA000A0F8442010BD0021018041808180C18076
:106CB0000181418181817047002930F8441F02D051
:106CC00041F4004101E0C1F30E0101807047002949
:106CD000818802D041F0040101E021F004018180AB
:106CE00070470029818802D041F0010101E021F0C4
:106CF000010181807047002A828901D00A4300E0A7
:106D00008A43828170478182704702460020128A3E
:106D10000A4200D001207047C943018270470246F1
:106D20000020138A92890B4202EA010202D0002A53
:106D300000D001207047C943018270471143A0F879
:106D400048107047002A828901D00A4300E08A4334
:106D5000828170470029818802D041F0080101E05A
:106D600021F0080181807047018921F0070101812C
:106D70007047028922F070020A430281704700B511
:106D80000346FFF7F6FF188940F00700188100BDA1
:106D900070B516460D46602904464FF00102314693
:106DA0000AD000F068F829462046FFF7E2FF208964
:106DB00040F00700208170BDFFF7ABFEF3E730B570
:106DC00004894FF6FF7505EA03231343E4B20B432E
:106DD0002343038130BD10B50446FFF7F0FF20893F
:106DE00040F07700208110BD10B50446FFF7E7FFA3
:106DF000208940F48040208110BD828822F07002FA
:106E0000828082880A4382807047028922F00702CA
:106E1000028102890A4302817047028922F08002BE
:106E2000028102890A430281704770B50589048B8B
:106E3000068C25F007050D434FF6FC410C4040F24F
:106E400001110C434FF6FF7101EA031126F02206EF
:106E50001143314305810483018470BD0029818879
:106E600002D041F0800101E021F080018180704773
:106E7000A0F85010704770B5048C24F0010404840D
:106E8000058B048C4FF6FF7606EA0313134325F0B7
:106E9000F3052B4324F00A020A4342F00101038365
:106EA000018470BDCD4910B5884206D10121102062
:106EB000FFF78DFA0021102020E0C949884202D155
:106EC00001214C0429E0C749884202D101218C04E8
:106ED00023E0C549884202D10121CC041DE0C34909
:106EE000884202D101210C0517E0C149884209D12D
:106EF00001212020FFF76BFA00212020BDE810407F
:106F0000FFF765BABB49884202D101218C0704E032
:106F1000B94988420AD1012144052046FFF74DFABC
:106F20002046BDE810400021FFF747BA10BD7FB5ED
:106F30000446008A0D46C98820F44050014321824E
:106F4000A08941F20C618843A9882A8911436A8982
:106F500002431143A181A08A20F44071A88908430B
:106F6000A0826846FFF744F99C48844202D0A048BA
:106F7000844201D1039800E00298A189090400EB42
:106F8000C00101EB0010296801D5490000E089002B
:106F9000B0FBF1F06422B0FBF2F109010B096FF0D4
:106FA00018056B4300EB8300A3891D044FF03203E7
:106FB00006D503EBC000B0FBF2F000F0070005E0DF
:106FC00003EB0010B0FBF2F000F00F00084320814B
:106FD0007FBD4FF41651016000218180C180018185
:106FE0000C2242818181704710B5028A4C8822F4BC
:106FF00070630A8822438C88C9880C4322431A4351
:10700000028210BD0021018041808180C1807047D3
:107010000029818902D041F4005101E021F400519E
:1070200081817047028B02F47F420283028B0A4304
:10703000028370470029818902D041F4004101E0B8
:10704000C1F30E01818170470029818A02D041F489
:10705000006101E021F4006181827047C1F3080101
:10706000818070478088C0F308007047028A22F050
:107070000F020282028A0A43028270470029818934
:1070800002D041F0020101E021F00201818170474C
:10709000828922F40062828182890A438281704758
:1070A000028A22F020020282028A0A430282704788
:1070B0000029018A02D041F4804101E021F480419D
:1070C00001827047818941F0010181817047002967
:1070D000818A02D041F0080101E021F0080181829B
:1070E0007047028BD2B20283028B42EA01210183F4
:1070F00070470029818A02D041F0200101E021F08F
:107100002001818270470029818A02D041F010015C
:1071100001E021F0100181827047828A22F004028E
:107120008282828A0A43828270470029818A02D041
:1071300041F0020101E021F0020181827047002A42
:10714000828A01D00A4300E08A438282704710B5E8
:10715000C1F3421301F01F040121A140012B07D00C
:10716000022B07D01430002A026805D00A4304E03D
:107170000C30F8E71030F6E78A43026010BD024693
:10718000002012880A4200D001207047C9430180C4
:10719000704770B501F01F0501260024C1F34213AA
:1071A00006FA05F2012B0FD0022B0FD0838A4FEA8B
:1071B00011210088134206FA01F600EA060001D008
:1071C00000B10124204670BD8389F0E7038AEEE711
:1071D0000A0A01219140C943018070470010014013
:1071E0000044004000480040004C00400050004077
:1071F0000014014000780040007C0040002800DAC4
:1072000040427047421C10F8011B0029FBD1801A34
:1072100070472DE9FE4F804681EA0300C00F0C46FF
:10722000009021F0004123F00045B8EB0200A94195
:1072300005D24046214690461C460B46024623F0A6
:107240000040104347D0270DC7F30A00C3F30A518B
:107250000290401A019040286BDAC3F3130040F407
:10726000801B0098924620B10023D2EB030A63EB07
:107270000B0B01985946C0F14002504600F071F9DD
:1072800006460D4650465946019A00F089F910EB22
:1072900008006141002487EA115284EAE7731A4327
:1072A00040D0009A62B3019A012A4FEA075215DCD6
:1072B000001B61EB02014FF0004202EA0752CDE9E8
:1072C0000042001C41F5801132462B4600F0C0F907
:1072D00003B0BDE8F08F40462146F9E7001B61EBA3
:1072E0000201001C41F5801300185B412018A2F533
:1072F000001747EB030140EAD570B6196D4111E064
:107300006D084FEA360645EAC0754FEA0752001B82
:1073100061EB0201001C41F5801149084FEA300081
:107320000019514132462B4603B0BDE8F04F00F042
:1073300080B90098012240000023D0EB020263EBE9
:10734000E073009821464FEAE074B8EB000061EB6F
:107350000401E9E783F000435BE781F0004158E76F
:107360002DE9FE4F81EA030404F0004421F00041BE
:1073700000944FF0000B23F0004350EA01045ED06C
:1073800052EA03045BD0C3F30A54C1F30A552C44F8
:10739000A4F2F3340194A0FB0254C1F3130141F4AD
:1073A0008011C3F3130343F4801301FB024400FB79
:1073B000034E840A970A44EA815447EA8357A4FBA0
:1073C000076802958D0A05FB07854FEA932C04FB9D
:1073D0000C542705029D4FEA065847EA1637B5EBCD
:1073E00008056EEB070C870E920E47EA811742EAFA
:1073F0008312A7FB0201B6EB0B0164EB00042B0D1B
:1074000043EA0C335E1844EB1C50DA465146E7FB66
:107410000201C5F313044FEA0B3343EA14534FEA56
:107420000432019C43EA0603A4F10C040294009C7C
:10743000CDE900B400F00CF903B0BDE8F08F0020F6
:107440000146F9E7C1F30A5210B5C1F3130140F246
:10745000FF3341F480119A4201DA002010BD40F25E
:1074600033439A42A2F2334203DC524200F088F8DE
:1074700010BD904010BD00F0004230F000400AD036
:10748000C10D01F56071C0F3160042EA0151C20856
:1074900040071143704700200146704701F0004348
:1074A00030B421F0004150EA010206D00A0DA2F5E5
:1074B0006072C1F31301002A02DC30BC0020704767
:1074C000440F44EAC104C100E01830BC00EBC250D4
:1074D00000F078B830B50B46014600202022012488
:1074E00009E021FA02F59D4205D303FA02F5491B92
:1074F00004FA02F52844151EA2F10102F1DC30BDA8
:107500002DE9F05F0546002092469B4688460646D8
:10751000814640241BE0284641464746224600F06B
:107520002FF853465A46C01A914110D311461846B7
:10753000224600F016F82D1A67EB01084F46224646
:107540000120002100F00DF817EB00094E41201E2C
:10755000A4F10104DFDC484631462A464346BDE833
:10756000F09F202A04DB203A00FA02F10020704745
:107570009140C2F1200320FA03F319439040704771
:10758000202A04DB203A21FA02F00021704721FA78
:1075900002F3D040C2F120029140084319467047DF
:1075A000202A06DBCB17203A41FA02F043EAE073C7
:1075B00006E041FA02F3D040C2F1200291400843B4
:1075C000194670470029A8BF7047401C490008BFF2
:1075D00020F00100704710B4B0FA80FC00FA0CF003
:1075E00050EA010404BF10BC704749B1CCF120043B
:1075F00021FA04F411FA0CF118BF012121430843C8
:10760000A3EB0C01CB1D4FEA00614FEA102042BFF3
:10761000002010BC704700EBC35010440029A4BFE9
:1076200010BC7047401C490008BF20F0010010BC8E
:10763000704710B5141E73F1000408DA401C41F1C4
:10764000000192185B411A4301D120F0010010BDE6
:107650002DE9F04D92469B4611B1B1FA81F202E05C
:10766000B0FA80F220329046FFF77BFF04460F46C7
:1076700040EA0A0041EA0B0153465A46084313D038
:10768000114653EA010019D0C8F140025046FFF7F5
:1076900077FF05460E46504659464246FFF761FFC2
:1076A000084305D0012004E020463946BDE8F08DAE
:1076B0000020054346EAE0762C4337430A986305E9
:1076C000E40AA0EB08000022FD0A44EA47540A300D
:1076D00002D500200146E9E7010510196941DDE9FD
:1076E000084500196941BDE8F04DA2E72DE9F04DCC
:1076F00081EA030404F0004B21F0004514464FF0EA
:10770000000A23F0004150EA050220D054EA0102A9
:107710001DD0C5F30A570246C5F31303C1F3130086
:10772000C1F30A5640F4801543F48013A7EB060812
:10773000101BD64608F2FD3873EB050002D308F1A2
:10774000010801E092185B41B8F1000F03DA002054
:107750000146BDE8F08D00204FF4801106468446B6
:107760000EE0171B73EB050705D3121B63EB050334
:1077700006434CEA010C49084FEA300092185B417D
:1077800050EA0107EDD152EA030012D082EA040068
:1077900083EA0501084305D0101BAB4106D2012244
:1077A000002306E000224FF0004302E06FF00102E8
:1077B00053101AEB06004CEB085110EB0A0041EB9A
:1077C0000B01BDE8F04DFFF734BFC1F30A52C1F31E
:1077D000130140F2FF3341F480119A4202DA002093
:1077E0000146704740F233439A42A2F2334202DC30
:1077F0005242FFF7C5BEFFF7B4BE000030B5041E0D
:1078000071F1000404DB4FF00044404264EB0101DD
:10781000141E73F1000405DB1C464FF00043524276
:1078200063EB0403994208BF904230BD064C074DFC
:1078300006E0E06840F0010394E807009847103440
:10784000AC42F6D3F8F7A4FC089A0008289A00087E
:1078500070B58C1810F8015B15F0070301D110F812
:10786000013B2A1106D110F8012B03E010F8016B3F
:1078700001F8016B5B1EF9D12B0705D40023521EC2
:107880000DD401F8013BFAE710F8013BCB1A921C2A
:1078900003E013F8015B01F8015B521EF9D5A14228
:1078A000D8D3002070BD00000FB4084B10B504A958
:1078B00002AA039800F0CEF8044602A9002000F0C6
:1078C00060FC204610BC5DF814FB000083810008BA
:1078D00002E008C8121F08C1002AFAD17047704799
:1078E000002001E001C1121F002AFBD170470000F7
:1078F0002DE9FF5FDDE90220010DDDF838B002431C
:1079000018D044F61050A1F2FF3141430D140F98E6
:10791000012820D0A5EB0B00401C5FEA000A4FF0C5
:107920000004474EDFF81C91A046504616D5CAF118
:10793000000728E00F98012443A2012808D0002165
:1079400000980F9BC0E90021C0E90243BDE8FF9FFA
:107950006FEA0B01F4E7CBF10000DEE7074612E027
:10796000F80707D02246334640464946FFF7F8FC61
:10797000804689462246334610461946FFF7F0FCFA
:1079800004460E467F10002FEAD1DDE90201BAF16C
:10799000000F42464B4602DAFFF7E2FC01E0FFF738
:1079A000A5FE04460E460022284BFFF727FF03D80A
:1079B0004FF0FF30014607E00022254B20463146BC
:1079C000FFF727FCFFF701FF102409E0002C0ADB7A
:1079D0000A220023FFF794FD019B30321A55641EE2
:1079E00050EA0102F2D1641C019AC4F1110314445B
:1079F0000F9A012A03D0012208430DD10AE008435F
:107A000004D000204FF0110B0F9080E7A3EB0B0583
:107A10006D1E0DE05B4504DD4FF0000205F1010530
:107A200004E003DA4FF00002A5F10105002AECD0D2
:107A300000980F99C0E90231C0E9004586E70000CF
:107A4000000024400000F03F300000000000F04340
:107A50000000E03F2DE9FF4F95B09B468946064662
:107A600000250FE2252877D100242746F84A012176
:107A7000059400E0044316F8013F203B01FA03F0AF
:107A80001042F7D130782A2811D06FF02F033078C8
:107A9000A0F13002092A16D8059A44F0020402EB3C
:107AA000820203EB42021044761C0590EFE759F87E
:107AB000042B0592002A03DA504244F40054059046
:107AC00044F00204761C30782E2816D116F8010FE7
:107AD00044F004042A280DD06FF02F023078A0F172
:107AE0003003092B09D807EB870302EB4303C718C0
:107AF000761CF3E759F8047B761C30786C280FD09D
:107B000006DC4C2817D068280DD06A2814D104E070
:107B1000742810D07A280FD10DE044F400140AE044
:107B200044F4801401E044F440147278824202D19B
:107B300004F58014761C761C307866280BD013DC94
:107B4000582877D009DC002875D04528F6D046287B
:107B5000F4D047281AD19DE118E0632835D0642875
:107B600079D0652812D195E1702873D008DC672898
:107B7000F1D069286FD06E280DD06F2806D1B5E0FE
:107B800073282CD0752875D0782874D05A46179948
:107B900090476D1C75E1C4F30250022809D00328F8
:107BA0000DD0D9F8001004280DD00D6009F104099A
:107BB00067E1D9F80010EA17C1E90052F6E7D9F8F1
:107BC00000100D80F2E70D70F0E719F8041B8DF836
:107BD000001000208DF80100EA46012003E059F86A
:107BE00004AB4FF0FF3061074FF0000102D40DE00D
:107BF00008F101018846B9420FDA8045F8DB1AF82E
:107C000008100029F4D108E008F1010188468142FA
:107C1000FADB1AF808100029F6D105985B46A0EBAC
:107C2000080721463846179A00F094FA284400EBDA
:107C3000080507E04DE029E10DE01AF8010B5A466E
:107C400017999047B8F10108F7D25B4621463846AC
:107C5000179A13E142E00A220092C4F302524FF055
:107C6000000A022A08D059F804CB032A4FEAEC7123
:107C70000AD00DE029E02AE009F1070121F007020E
:107C8000F2E802C1914609E00FFA8CFC4FEAEC7170
:107C9000042A03D14FFA8CFC4FEAEC71002907DA71
:107CA0000A460021DCF1000C61EB02012D2202E00A
:107CB000220504D52B228DF80420012203E0E207DF
:107CC00001D02022F7E7904659E00A2102E0102275
:107CD0000DE010214FF0000A00910BE010224FF050
:107CE000000A44F004040827009203E008224FF041
:107CF000000A0092C4F30252022A05D059F804CBBC
:107D00000021032A08D009E009F1070121F0070248
:107D1000F2E802C1914605E01FFA8CFC042A01D169
:107D20000CF0FF0C4FF00008220728D5702806D071
:107D3000009B83F0100353EA0A0305D00EE04022B3
:107D40008DF80420012208E05CEA010206D030220E
:107D50008DF804208DF8050002229046009B83F0E8
:107D6000080353EA0A030AD15CEA010201D162075F
:107D700005D530228DF804204FF001087F1E5828C9
:107D800004D034A003900EA802900DE036A0F9E7CD
:107D900053466046009AFFF7B3FB84460398825C23
:107DA0000298401E029002705CEA0100F0D1029835
:107DB00006A9081A00F1200A600702D524F48034CD
:107DC00000E00127574502DDA7EB0A0000E0002094
:107DD00000EB0A01009005984144401A0590E00329
:107DE00006D45B462146179A059800F0B3F905447E
:107DF000002706E001A85A46C05D179990476D1C00
:107E00007F1C4745F6DBE0030CD55B462146179AFD
:107E1000059800F09FF9054404E030205A46179970
:107E200090476D1C0099481E00900029F5DC08E081
:107E3000029802995A460078491C02911799904776
:107E40006D1CBAF10001AAF1010AF1DC65E1000044
:107E50000928010030313233343536373839616220
:107E600063646566000000003031323334353637E4
:107E700038394142434445460000000000F058F9BB
:107E80000544761C307800287FF4ECAD19B0284604
:107E9000BDE8F08F620700D4062709F1070222F03F
:107EA000070CFCE80223E14603F000485FEA080CF7
:107EB00002D00FF2702C0DE05FEA045C02D50FF2E5
:107EC000682C07E05FEAC47C02D00FF2602C01E06E
:107ED000AFF2700C4FF0FF3823F00043CDF850C0E4
:107EE00065280CD006DC452809D046281DD0472837
:107EF0003DD13DE0662818D067287ED138E00021CA
:107F0000112F01DB112000E0781CCDE9000106A94A
:107F10000EA8FFF7EDFCDDE90F010E9A0391002199
:107F2000009207F1010A04914DE04FF000400097E4
:107F3000CDE9011006A90EA8FFF7DAFCDDE90F0272
:107F400003920E9B11990022DDF80CA0009304927D
:107F500011B9791C00EB010AB7EB0A0004D4C0F197
:107F6000FF3007F1010A0490AAEB0700019044E0FA
:107F7000012F00DA01270021112F01DD112000E07F
:107F80003846CDE9000106A90EA8FFF7B1FCDDE9EE
:107F90000F010E9A0391002104910092BA46210725
:107FA0000CD40399514500DA8A46BAF1010F05DD78
:107FB000009AAAF10101515C302908D0B84202DAD6
:107FC00010F1040F06DA0121CDE9011015E0AAF144
:107FD0000101E9E7002805DC049901440491AAEBBA
:107FE000000102E0411C514500DD8A460499401A17
:107FF000401C01904FF000400290200704D40198EB
:10800000504501DBCDF8048000208DF84F00029828
:108010000DF14F07B0F1004F25D02B200E900298A4
:108020004FF0020800280CDA404202902D200E90FA
:1080300007E00A210298FFF74DFA3031029007F865
:10804000011DB8F10001A8F10108F2DC0298002836
:10805000EFD1791E0E980870307800F0200040F0C3
:10806000450007F8020D12A8C01B00F1070814987C
:10807000007800B1012000EB0A01019801EBE071EA
:1080800005984144401A401E0590E00306D45B4623
:108090002146179A059800F05DF805441498007879
:1080A00018B15A46179990476D1CE00324D55B46DA
:1080B0002146179A059800F04DF805441CE00498F5
:1080C000002807DBDDE90301884203DD0098405CFE
:1080D000179901E0179930205A469047049805F106
:1080E0000105401C04900198401E019004D12E20EF
:1080F0005A46179990476D1CBAF10001AAF1010A7E
:10810000DDDC05E017F8010B5A46179990476D1C06
:10811000B8F10001A8F10108F4DC5B462146179A8A
:108120000598ABE62D0000002B00000020000000A9
:108130002DE9F041044600251E461746880404D464
:1081400005E039462020B0476D1C641EF9D528464D
:10815000BDE8F0812DE9F041044600251E46904619
:10816000C80301D5302700E02027880404D505E0A6
:1081700041463846B0476D1C641EF9D52846BDE817
:10818000F0810A68531C0B601070704710B500280E
:1081900021D0114B0022001F196803E0814203D84F
:1081A0000A4649680029F9D152B11368841A9C42E1
:1081B00004D1006818441060104602E0506000E0EE
:1081C000186039B102680B1A934203D10B681A4444
:1081D00002604968416010BD98020020F0B50B3084
:1081E000154D20F007010024144A0FE003688B426C
:1081F0000BD38B4205D95E1A43184768C3E9006761
:1082000000E04368136002C004E0021D106800280B
:10821000ECD12046002802D1286808B10020F0BD2A
:10822000064A07481060074A121A22F00702C0E9FE
:10823000002401202860D7E79C020020980200203B
:10824000FC130020F81500200000000000000000D2
:1082500000000000000000003F400000000000009F
:1082600000003000400030004000000009000BC05A
:108270003D000BC03D00090018C024407FE02240B3
:1082800031800000180024C01B000D8032400180A6
:1082900003801C4027401C80074000401000600005
:1082A00000000000000000000000000000001F802F
:1082B000204040200000402020401F80000000009F
:1082C000090006001F8006000900000004000400E9
:1082D0003F80040004000000001000600000000067
:1082E000000000000400040004000400040000007A
:1082F000000000400000000000000000002001C05D
:1083000006003800400000001F8020402040204030
:108310001F800000000010403FC00040000000002F
:1083200018C0214022402440184000001080204006
:10833000244024401B80000002000D0011003FC0BB
:10834000014000003C802440244024402380000061
:108350001F8024402440344003800000300020006F
:1083600027C03800200000001B8024402440244007
:108370001B8000001C0022C0224022401F80000001
:1083800000000000084000000000000000000000A5
:108390000460000000000000000004000A0011005A
:1083A0002080404009000900090009000900000080
:1083B00000004040208011000A0004001800200046
:1083C00023402400180000001F802040274029403F
:1083D0001F400000004007C039000F0001C00040EE
:1083E00020403FC0244024401B8000001F802040CC
:1083F000204020403080000020403FC020402040EE
:108400001F80000020403FC024402E4030C00000AC
:1084100020403FC024402E00300000000F0010809C
:10842000204022403380020020403FC0040004006E
:108430003FC02040204020403FC02040204000005E
:108440000060202020203FC02000200020403FC0AE
:1084500024400B0030C0204020403FC0204000405E
:10846000004000C03FC03C0003C03C003FC00000D3
:1084700020403FC00C4023003FC020001F80204010
:10848000204020401F80000020403FC024402400A6
:10849000180000001F802140214020E01FA00000A4
:1084A00020403FC02440260019C0004018C024408E
:1084B0002440224031800000300020403FC0204056
:1084C0003000000020003F80004000403F8020003E
:1084D00020003E0001C0070038002000380007C01F
:1084E0003C0007C038000000204039C0060039C0F9
:1084F000204000002000384007C038402000000025
:10850000304021C02640384020C00000000000005C
:108510007FE0402040200000000070000C0003803D
:10852000004000000000402040207FE000000000EC
:10853000000020004000200000000000001000109B
:1085400000100010001000100000000040000000AB
:1085500000000000000002800540054003C000400C
:1085600020003FC00440044003800000000003805E
:108570000440044006400000000003800440244002
:108580003FC000400000038005400540034000005C
:10859000000004401FC0244024402000000002E0EE
:1085A000055005500650042020403FC00440040000
:1085B00003C000400000044027C00040000000004D
:1085C00000100010041027E00000000020403FC011
:1085D0000140070004C00440204020403FC000404C
:1085E0000040000007C0040007C0040003C00000F2
:1085F000044007C00440040003C0004000000380A2
:108600000440044003800000041007F004500440BC
:1086100003800000000003800440045007F00010B5
:10862000044007C0024004000400000000000640AF
:108630000540054004C00000000004001F80044005
:1086400000400000040007800040044007C00040D4
:108650000400070004C0018006000400060001C0F9
:10866000070001C006000000044006C0010006C06B
:10867000044000000410071004E00180060004001C
:108680000000044005C00640044000000000000057
:1086900004007BE040200000000000000000FFF02C
:1086A00000000000000040207BE00400000000000B
:1086B000400080004000200020004000000000003A
:1086C00000000000000000000000000000000000AA
:1086D00000001FCC000C000000000000000008009B
:1086E000300060000800300060000000022003FC41
:1086F0001E20022003FC1E200220000000000E1895
:1087000011043FFF10840C78000000000F0010845B
:108710000F3800C0077818840078000000780F84B4
:1087200010C411240E9800E40084000808006800BA
:1087300070000000000000000000000000000000C9
:10874000000007E01818200440020000000040026A
:108750002004181807E0000000000000024002405A
:1087600001800FF001800240024000000080008084
:1087700000800FF800800080008000000001000DE4
:10878000000E00000000000000000000000000805B
:108790000080008000800080008000800000000CCD
:1087A000000C0000000000000000000000000006B7
:1087B000001800600180060018002000000007F08B
:1087C000080810041004080807F00000000008045E
:1087D00008041FFC000400040000000000000E0C50
:1087E00010141024104411840E0C000000000C180A
:1087F00010041104110412880C700000000000E045
:108800000320042408241FFC0024000000001F98FB
:10881000108411041104108810700000000007F08B
:1088200008881104110418880070000000001C0062
:10883000100010FC13001C001000000000000E3897
:1088400011441084108411440E3800000000070009
:10885000088C10441044088807F000000000000055
:108860000000030C030C00000000000000000000EA
:108870000001010600000000000000000000008070
:108880000140022004100808100400000220022009
:10889000022002200220022002200000000010041A
:1088A00008080410022001400080000000000E00B3
:1088B0001200100C106C10800F00000003E00C1868
:1088C00013E4142417C4082807D000000004003C57
:1088D00003C41C40074000E4001C000410041FFCFB
:1088E0001104110411040E880070000003E00C183C
:1088F00010041004100410081C10000010041FFCC9
:10890000100410041004080807F0000010041FFCF5
:108910001104110417C410040818000010041FFCEF
:108920001104110017C010000800000003E00C182B
:108930001004100410441C780040000010041FFCB8
:1089400010840080008010841FFC100400001004BC
:1089500010041FFC100410040000000000030001BC
:10896000100110011FFE10001000000010041FFC79
:10897000110403801464181C1004000010041FFC70
:108980001004000400040004000C000010041FFC8C
:108990001F0000FC1F001FFC1004000010041FFC3F
:1089A0000C04030000E010181FFC100007F008087A
:1089B000100410041004080807F0000010041FFC45
:1089C00010841080108010800F00000007F008183D
:1089D00010241024101C080A07F2000010041FFCC9
:1089E0001104110011C011300E0C000400000E1C07
:1089F00011041084108410441C380000180010006A
:108A000010041FFC100410001800000010001FF8D4
:108A100010040004000410041FF8100010001E00D1
:108A200011E0001C007013801C0010001FC0103CDF
:108A300000E01F0000E0103C1FC000001004180CF4
:108A4000163401C001C01634180C100410001C00AC
:108A5000130400FC13041C00100000000804101C88
:108A60001064108413041C0410180000000000009F
:108A700000007FFE40024002400200000000300083
:108A80000C0003800060001C000300000000400296
:108A9000400240027FFE00000000000000000000D5
:108AA00020004000400040002000000000010001C4
:108AB0000001000100010001000100010000400070
:108AC00040002000000000000000000000000098AE
:108AD000012401440144014400FC000410001FFC77
:108AE000008801040104008800700000000000708C
:108AF00000880104010401040088000000000070E7
:108B000000880104010411081FFC0004000000F8A3
:108B1000014401440144014400C800000000010474
:108B200001040FFC1104110411001800000000D60C
:108B300001290129012901C90106000010041FFCB7
:108B4000008401000100010400FC00040000010495
:108B5000190419FC000400040000000000000003D8
:108B600000010101190119FE0000000010041FFCA2
:108B70000024004001B4010C0104000000001004B6
:108B800010041FFC0004000400000000010401FCAC
:108B90000104010001FC0104010000FC010401FCCE
:108BA000008401000100010400FC0004000000F842
:108BB000010401040104010400F80000010101FFA7
:108BC00000850104010400880070000000000070AE
:108BD000008801040104010501FF000101040104F2
:108BE00001FC00840104010001800000000000CCB1
:108BF0000124012401240124019800000000010047
:108C0000010007F80104010400000000010001F860
:108C1000000400040004010801FC000401000180BC
:108C20000170000C001001600180010001F0010CD6
:108C3000003001C00030010C01F00100000001040F
:108C4000018C00740170018C01040000010101819C
:108C50000171000E00180160018001000000018414
:108C6000010C013401440184010C000000000000EB
:108C70000000000001003EFC400240020000000035
:108C800000000000FFFF00000000000000004002A4
:108C900040023EFC010000000000000000006000F7
:108CA0008000800040004000200020000000000004
:108CB00000000000000000000000000000000000B4
:108CC00000000000000000000000000000000000A4
:108CD0000000000000000000000000000000000F85
:108CE00080380FFE380F80380000000000000000C0
:108CF000000000000000000000000100000600006D
:108D00000C00003800003100000600000C000038A4
:108D100000003000000000000000000061800067DB
:108D2000F807F98000618000618000618000618047
:108D30000067F807F9800061800000000000000073
:108D4000000001C0E003E0F00630080418081FFF2F
:108D5000FE040E080787F00381E000000000000019
:108D600001F000060C00040408060C7001F9C000B4
:108D70000E00003BE000EC18070808040C18000384
:108D8000E00000000001E00007F003F818041C08F0
:108D900004170807E1D003C0E00023B0003C08003E
:108DA0002008000010000000000000010000310059
:108DB000003200001C000000000000000000000065
:108DC00000000000000000000000000000000000A3
:108DD0000000000000000000000000007F0001FF14
:108DE000C00780F00C0018100004200002000000F2
:108DF0000000002000021000040C00180780F001A1
:108E0000FFC0007F00000000000000000000000024
:108E10000000000000000000420000660000660044
:108E2000003C0000180003FFC0001800003C0000D8
:108E30006600006600004200000000000800000814
:108E40000000080000080000080001FFC000080042
:108E500000080000080000080000080000000000F2
:108E6000000100003100003200001C000000000082
:108E700000000000000000000000000000000000F2
:108E800000000000080000080000080000080000C2
:108E900008000008000008000008000008000008A2
:108EA0000000000000000000000000003800003852
:108EB000000038000000000000000000000000007A
:108EC000000000000000000000000000000600009C
:108ED0001C000070000180000E0000380000C0007F
:108EE0000700001C0000300000000000000000002F
:108EF0007F8001FFE0038070060018040008040072
:108F00000806001803807001FFE0007F8000000069
:108F10000000000000000100080100080100080333
:108F2000FFF807FFF8000008000008000008000034
:108F30000000000000000001C03802C05804009882
:108F4000040118040218040418061C1803F8180178
:108F5000E0F800000000000000000001C0E003C0D5
:108F6000F004000804080804080806180803F418A8
:108F700001E7F00001E00000000000000000000038
:108F80000300000D000011000061000081080301D2
:108F90000807FFF80FFFF8000108000108000000B3
:108FA0000000000000E007FCD006080806100806D4
:108FB0001008061008061838060FF00607C0000053
:108FC00000000000000000003F8001FFE00384304B
:108FD00002081804100804100804100807181003E9
:108FE0000FF00007C000000000000000000003C0F8
:108FF000000700000600000600F80607F806180043
:1090000006E000070000060000000000000000016C
:10901000E1E003F7F0063410041808041808040C03
:1090200008040C0806161803F3F001C1E000000064
:1090300000000000F80003FC3003063804020804B6
:1090400002080402080404100308F001FFC0007FB6
:109050000000000000000000000000000000000010
:109060000000000070380070380070380000000008
:1090700000000000000000000000000000000000F0
:109080000000000000000000301A00301C0000004A
:1090900000000000000000000000000000000000D0
:1090A00000000008000014000022000041000080C1
:1090B00080010040020020040010080008000000A9
:1090C000000000002100002100002100002100001C
:1090D00021000021000021000021000021000021CA
:1090E000000000000000000000000800080400105C
:1090F00002002001004000808000410000220000AA
:10910000140000080000000000000003C00004C0BC
:1091100000040000080038080F380808380810005C
:109120000C300007E00003C0000000000000000059
:109130003F8000FFE0038070020F1006708804C0BB
:1091400088048308047F8802C09003012000FE4049
:109150000000080000180001F8003E0801C20007E6
:10916000020007E20000FE00001FC80001F8000036
:109170003800000804000807FFF807FFF804080893
:1091800004080804080804080806180803F418016D
:10919000E7F00001E0000000000000003F8001FF58
:1091A000E0038070020018040008040008040008AE
:1091B0000400100600200780C0000000040008071B
:1091C000FFF807FFF8040008040008040008040082
:1091D0001802001003807001FFE0007F8000000093
:1091E00004000807FFF807FFF8040808040808044B
:1091F0000808040808043E080400080600180100D6
:109200006000000004000807FFF807FFF8040808E2
:10921000040800040800040800043E0006000006DC
:109220000000018000000000000000003F8001FFFE
:10923000E003807006001804000804020804020815
:109240000203F00783F00002000002000400080798
:10925000FFF807FFF80408080008000008000008ED
:109260000000080004080807FFF807FFF8040008DA
:1092700000000000000004000804000804000807C3
:10928000FFF807FFF80400080400080400080000C5
:1092900000000000000000000006000007000001C0
:1092A00004000104000104000307FFFE07FFFC04A3
:1092B000000004000004000004000807FFF807FF96
:1092C000F8040C08001800003E0004C7800503C81D
:1092D0000600F8040038040018000008040008071D
:1092E000FFF807FFF804000800000800000800006D
:1092F00008000008000008000018000060000000DE
:1093000004000807FFF807800807FC00007FC00082
:1093100003F80007C000780007800807FFF807FF80
:10932000F804000804000807FFF807000803C0005D
:1093300000E000003800001E000007000001C0042B
:1093400000F007FFF8040000000000007F8001FF2C
:10935000E0038070060018040008040008060018E6
:1093600003003001FFE0007F8000000004000807D8
:10937000FFF807FFF80404080404000404000404D0
:1093800000040400060C0003F80001F000000000D7
:10939000000000007F8001FFE00380700600880469
:1093A00000880400C806003C03003E01FFE6007F81
:1093B0008400000004000807FFF807FFF80408080D
:1093C000040800040C00040F00040BC00610F00396
:1093D000F03801E00800000800000001E0F803F0A8
:1093E00030063010041808041808040C08040C088F
:1093F0000206180207F00781E00000000180000665
:10940000000004000004000004000807FFF807FF44
:10941000F8040008040000040000060000018000B9
:1094200004000007FFE007FFF00400180000080038
:10943000000800000800000800000804001007FFF2
:10944000E004000004000006000007E00007FE0042
:10945000041FE00001F80000380001E0043E0007AE
:10946000C00006000004000004000007E00007FF41
:10947000C0041FF80007C007F80007FF80043FF88A
:109480000007C004F800070000040000000000040A
:10949000000806001807C07805F1C8003E00001F4C
:1094A000800463E80780F806001804000800000044
:1094B00004000006000007800007E008047C0800A4
:1094C0001FF80007F800180804E00807000006006D
:1094D000000400000000000100080600380400F845
:1094E0000403E8040F08047C0805F00807C0080717
:1094F00000180400600000000000000000000000F0
:10950000000000000000003FFFFE200002200002DB
:1095100020000220000220000200000000000000E5
:10952000000008000007000000C00000380000062E
:10953000000001C000003000000E0000010000002B
:109540000000000000002000022000022000022095
:1095500000022000023FFFFE0000000000000000AB
:1095600000000000000000000000000000080000F3
:109570001000003000002000003000001000000843
:1095800000000000000000000000010000010000D9
:1095900001000001000001000001000001000001C5
:1095A00000000100000100000100000100000000B7
:1095B000000000000020000020000010000010004B
:1095C000000000000000000000000000000000009B
:1095D0000000000000F00019F8001B18002208002D
:1095E0002608002408002410003FF8001FF800009F
:1095F0000800001800000004000007FFF80FFFF04B
:10960000001818001008002008002008003018007A
:109610001FF0000FC00000000000000007C0001F86
:10962000F0001830002008002008002008003C0846
:10963000001C10000060000000000000000000009E
:1096400007C0001FF0003818002008002008002084
:109650000804101007FFF80FFFF0000010000000D2
:109660000000000000000007C0001FF000123000E2
:109670002218002208002208003208001E10000EE6
:10968000200000000000000020000020080020084A
:1096900001FFF803FFF8062008042008042008074B
:1096A000200003000000000000000000000E000E7B
:1096B0006E001FF30031B10020B10020B1003191E4
:1096C000001F13002E1E00200E00300000000004BA
:1096D000000807FFF80FFFF8001008002000002026
:1096E00000002008003FF8001FF8000008000000FC
:1096F00000000000000000200800200800200806EC
:109700003FF8063FF80000080000080000080000CD
:109710000000000000000000000000000300000343
:10972000002001002001002003063FFE063FFC0050
:10973000000000000000000000000004000807FF17
:10974000F80FFFF8000188000300002FC00038F870
:109750000020380020080000080000000000000081
:10976000000004000804000804000807FFF80FFFC9
:10977000F8000008000008000008000000000000D9
:10978000002008003FF8003FF8001008002000000B
:109790003FF8003FF8001008002000003FF8003FAD
:1097A000F8000008000000002008003FF8003FF823
:1097B000001008001000002000002008003FF80002
:1097C0001FF80000080000000000000007C0000FA4
:1097D000F000183000300800200800200800300891
:1097E000001830000FF00007C0000000000000006B
:1097F0002001003FFF003FFF001011002009002062
:1098000008002008003038001FF0000FC0000000E2
:109810000000000007C0001FF000381800200800FA
:109820002008002009001011001FFF003FFF00006A
:1098300001000000002008002008002008003FF878
:10984000003FF80008080010080020080020000071
:109850003000003000000000000000000000000C9C
:1098600078001E1800330800230800210800218812
:109870000021980030F00038600000000000000077
:10988000200000200000200000FFF003FFF800206F
:109890000800200800200800003000000000000040
:1098A000000000002000003FF0007FF800001800DA
:1098B0000008000008002010003FF8007FF00000C2
:1098C00010000000000000002000003000003C00FC
:1098D000003F800023F0000078000070002380002B
:1098E0003C00003000002000002000003C00003F51
:1098F000E00023F80000E0002700003E00003FE009
:109900000021F80001E0003E0000200000000000FF
:109910002008002008003838003E68002780000337
:10992000C8002CF80038380020180020080000007B
:10993000000000002000003003003C01003F8300D5
:1099400023EC000070002380003C00002000002079
:10995000000000000000000000000038080020386F
:109960000020F80023E8002F88003E080038080097
:10997000201800007000000000000000000000003F
:10998000000000000000000008000014001FF7FCA9
:10999000300006200002000000000000000000006F
:1099A0000000000000000000000000000000FFFFB9
:1099B000FF000000000000000000000000000000A8
:1099C0000000000000002000023000061FF7FC002D
:1099D000140000080000000000000000000000006B
:1099E00000000000000000180000600000400000BF
:1099F00040000020000010000008000004000004E7
:109A000000000C0000100000289A00080000002050
:109A1000A002000050780008089B0008A002002067
:109A200058170000E0780008E1032E0202CB07433C
:109A300004015282017C7A030A14600802030406BE
:109A40000708091208201B09FC09FCFF08FF080988
:109A5000FD09FF080E7FFC7FF0444244437FFF7FF7
:109A6000FE103E12221A224FA66FA4282C04B85DC5
:109A7000B05BFF7EFF7D3041B87FAC7F2410261C99
:109A8000220C2208023A06320C2218227223E7AF77
:109A90008FEE3A62F222C2220A220E22072A033AEB
:109AA000123018200204020603FEFBFCFAACAAA83E
:109AB000ABFFABFFAAEBAAF6AA9CFABCFAF602C36C
:109AC0000201029F153FE13FE3260EFFFCFFF01667
:109AD0000FF80FF8081AFF011B08180C19126185FE
:109AE000030C030C00092F40022004181807E00C97
:109AF000BB601F4520011D4320412D0102030404CA
:089B00008506070809000000BA
:040000050800018965
:00000001FF
